X;time;peak
[32  1  8  3];0.0845041;0.005908848266083004
[ 8 32  1  2];0.04164;0.011991400210420382
[ 2  1 16  3];0.04024;0.012408596042790874
[ 1 16 32  5];0.0379138;0.01316992506058229
[ 16 256   2   1];0.00398898;0.1251753342362972
[4 1 8 5];0.0382519;0.013053519034659842
[16 16 64  4];0.00344491;0.14494483303247538
[16  8 16  4];0.00478196;0.10441783385095332
[ 1 32  1  1];0.00217414;0.22966409925851358
[ 4 16  4  0];0.029181;0.017111199231071753
[8 4 1 5];0.0343652;0.01452987047251012
[  1   4 128   3];0.05532;0.009026064800468272
[4 4 8 3];0.0289092;0.01727207618204256
[8 4 8 4];0.00828004;0.06030428654473949
[ 1 64  1  3];0.039521;0.012634343887095589
[ 8  1 16  3];0.0321312;0.015540095133761105
[  4   4 256   1];0.0149448;0.03341107975763508
[256   2   2   0];0.0525751;0.009497307751424244
[2 2 4 1];0.0159791;0.03124843731886682
[32  4  1  3];0.0599978;0.008322336898384687
[ 2  1 64  0];0.050688;0.009850889850889851
[128   1   8   0];0.040309;0.012387355299360064
[16  1 64  4];0.04462;0.011190540223260976
[16  4 16  3];0.043978;0.011353902059254736
[32  4  8  5];0.065917;0.007575009553861746
[1 8 2 2];0.0339429;0.014710643603283892
[ 8 64  2  4];0.002141;0.23321901203265052
[  4   1 256   2];0.0597651;0.008354740555305768
[  2 128  64   1];0.00225496;0.22143271045247134
[16  2 32  1];0.018889;0.02643453357837391
[ 2 64  1  3];0.0402951;0.012391628380669232
[256  16   2   4];0.00831604;0.06004323028291167
[32  1  8  2];0.0326741;0.01528188702250115
[ 2 16 16  4];0.00272202;0.18343800000069976
[  1   1 256   3];0.0624592;0.0079943692004045
[8 8 4 1];0.00384402;0.1298957614065236
[4 2 8 4];0.019609;0.0254639147718856
[16  2  2  0];0.029273;0.017057421677378636
[  1 256   8   1];0.00158596;0.31483890183983504
[128   8   1   5];0.165858;0.003010538561672664
[128   1   8   2];0.0619531;0.008059675863869681
[ 1  8 64  1];0.00791097;0.06311765873994021
[2 8 4 4];0.00413609;0.12072317206876658
[  2   4 128   2];0.055856;0.008939449741512187
[  4 128   2   1];0.0024941;0.20020123682366575
[ 4  4 32  3];0.0305202;0.016360374596559157
[64 16  4  4];0.0140078;0.03564599043118154
[4 2 1 1];0.0144579;0.03453626769876018
[  1   4 256   3];0.060215;0.00829231760793664
[ 8 64  4  4];0.00189686;0.2632360346899111
[2 8 8 2];0.029114;0.017150577205533583
[32  8  4  1];0.00504184;0.09903565062792648
[ 8  4 32  2];0.0400581;0.012464942290370856
[16  2 32  0];0.040364;0.012370476284855436
[4 2 2 5];0.0323019;0.01545797320782693
[ 1 16  2  1];0.00407505;0.12253147930992374
[16  1 64  1];0.0459461;0.010867557959476535
[ 1 32 16  5];0.0401061;0.012450023930571779
[1 4 8 1];0.0158279;0.031546945884286914
[  1   4 128   4];0.0155692;0.032071134339715895
[ 1  4 64  1];0.0155659;0.03207793348035801
[32 16 16  1];0.00231004;0.2161529258202909
[ 8 64  1  2];0.041023;0.012171754985298608
[ 8 64  8  1];0.00150418;0.3319562185123488
[64  1 16  5];0.162828;0.003066560448828855
[ 4  2 64  1];0.023221;0.021503031943581448
[ 4 32  4  2];0.029963;0.016664616519103722
[2 1 1 0];0.0328431;0.015203251360617748
[  1   1 128   3];0.062768;0.007955039267810106
[32 16  8  4];0.00432515;0.11544614747740652
[32  2  8  4];0.030781;0.01622175708267778
[  1 128   8   5];0.0402849;0.012394765898932474
[8 1 1 1];0.0185082;0.026978415230109076
[256   1   2   5];0.141421;0.0035307479423982635
[ 4 64  2  3];0.0329731;0.01514331090379445
[16 16  8  4];0.00260806;0.19145338096589218
[  1   8 128   5];0.0323648;0.015427931109165042
[2 1 1 3];0.032855;0.015197744780456695
[ 2 32 16  5];0.040246;0.012406746130345992
[ 2 16  4  1];0.00217795;0.2292623360324639
[4 8 8 5];0.0460479;0.010843532598922095
[32 16 32  4];0.00460505;0.10842920375715893
[16  4  4  1];0.00715804;0.06975679163037714
[8 1 2 1];0.0320299;0.015589243324578122
[64  8  1  2];0.155025;0.0032209121416668586
[ 8  4 32  1];0.00934005;0.05346030318487639
[64 64  4  1];0.00180292;0.2769517808676507
[  1 128   2   2];0.032367;0.015426882465532943
[32  1 32  0];0.0419261;0.011909571955462224
[128   4   2   0];0.044225;0.011290489649788689
[2 1 2 1];0.0318758;0.015664607782766383
[8 4 1 4];0.00493598;0.10115962884004893
[1 2 4 0];0.0395;0.012641060880048223
[ 32 128   4   4];0.00746012;0.06693215454468625
[2 2 2 1];0.0179269;0.027853220844758702
[1 1 4 1];0.0617161;0.008090626348098871
[16 64  1  4];0.00422502;0.1181821399098477
[ 4 32  1  2];0.04037;0.012368637720136357
[  8 128   1   2];0.041796;0.011946643333378906
[16  2  8  5];0.0469711;0.010630406883422035
[32  1  1  1];0.0600581;0.00831398104105699
[16 32  4  4];0.00217485;0.22958912327834324
[  4  16 128   1];0.0036602;0.13641929532864455
[  2 128   1   5];0.0404348;0.012348815989244531
[  1   2 256   0];0.0611582;0.00816443101271628
[64 32  2  1];0.00280213;0.1781936972095887
[16  1  8  1];0.054266;0.009201376640288667
[ 4  1 16  1];0.030417;0.01641588272222457
[  1   4 128   1];0.0155761;0.03205692726432834
[128   8   1   0];0.0545251;0.009157652251199994
[16  1  4  0];0.0279989;0.017833625776794974
[256  16   1   4];0.00911403;0.05478607210662075
[16 64  1  5];0.0476298;0.010483392849894494
[2 4 2 5];0.032387;0.015417355876181949
[ 8  2 16  4];0.0166142;0.03005392403858776
[256   2   2   5];0.151472;0.0032964634042060895
[ 8 16  4  0];0.0302401;0.016511913147175598
[ 8 32  2  2];0.0341809;0.01460821408335956
[16  8  1  0];0.0419869;0.01189232605317146
[4 1 8 0];0.0303988;0.01642571103997213
[ 2 16  8  3];0.027401;0.018222762116780585
[ 8  4 16  4];0.00841522;0.05933557349206614
[1 8 8 0];0.0271409;0.018397396724570844
[  2 128   1   2];0.0404639;0.012339935220329844
[  4 256   4   1];0.00225806;0.22112871436627227
[16  1 16  1];0.0294909;0.016931389166214145
[128   8   2   4];0.0174911;0.028547198561663063
[ 4 64  1  0];0.040503;0.012328022733177908
[8 1 8 2];0.0286121;0.017451424563800097
[ 4 64  1  5];0.0405159;0.012324097570630414
[32  4  2  3];0.060406;0.008266097817466888
[2 4 1 2];0.031049;0.01608173869567151
[16  8 64  4];0.0062201;0.08027554295942264
[1 1 8 2];0.0627439;0.007958094807015578
[  1 256   4   3];0.0294921;0.016930700247249426
[ 2 64  8  0];0.0297439;0.0167873716883766
[ 1  2 64  2];0.0502388;0.009938969576540538
[ 1 64  2  4];0.00192618;0.2592290984030074
[  1 128   4   4];0.00176406;0.2830526766447313
[ 2 32  2  5];0.040828;0.012229888918435993
[ 4 16  8  2];0.0292561;0.01706727502168453
[4 1 1 5];0.0255599;0.019535362218236565
[8 4 4 2];0.0307679;0.016228663794471014
[ 1  2 32  2];0.0403621;0.012371058610971798
[ 8  8 64  1];0.00840521;0.0594062378883936
[ 8  1 32  0];0.0416639;0.01198452148651242
[16  1  4  4];0.03337;0.014963197625469129
[ 1 64  8  0];0.0281219;0.017755624789288944
[ 4 16  2  2];0.0393839;0.012678325527992524
[256   1   2   3];0.109663;0.004553239513435751
[  2   4 128   4];0.01017;0.049097532424966055
[16  1  2  0];0.0287499;0.017367778836166553
[64  4  2  3];0.158408;0.0031521255540244483
[16 16  1  1];0.00253916;0.19664846042073159
[ 1 32  4  5];0.0403211;0.012383637965281323
[64 16  2  1];0.00440812;0.11327321052101685
[32  2  4  4];0.032161;0.015525695866481289
[4 8 8 2];0.0280089;0.01782725864856902
[256   1   1   0];0.157065;0.0031790781190074477
[ 8 16  1  1];0.00196195;0.2545028694726699
[  1 256   2   1];0.00176907;0.28225107246287867
[  8 128   8   4];0.00351405;0.1420929994627011
[4 8 1 2];0.0345659;0.014445505679351755
[1 2 8 1];0.0309331;0.01614199368191047
[ 1 32 32  1];0.00234222;0.21318317867745334
[16  1  1  3];0.0322449;0.015485298597976883
[32  1  8  5];0.0635629;0.007855555752835456
[  2   2 256   4];0.020148;0.02478270323416244
[128   1   2   1];0.059742;0.008357971021423868
[ 4 32  8  4];0.00258112;0.1934516429929274
[ 8 32  2  4];0.00259089;0.19272215522924738
[128 128   1   4];0.00380206;0.13132930694463127
[ 1 16 16  1];0.00410795;0.12155014174026091
[ 1 32  2  1];0.00234199;0.2132041147750011
[64  1  4  5];0.16034;0.003114144348022357
[32 64  1  4];0.00941491;0.053035228670471064
[4 8 2 0];0.0280912;0.017775029360152104
[ 2  2 64  3];0.035949;0.013889730027591998
[4 2 2 2];0.031045;0.016083810750906903
[128  32   4   4];0.00508404;0.09821360665177788
[32  1  4  1];0.036556;0.013659095764358923
[16 16 64  1];0.00316501;0.15776313653413568
[ 4  4 32  2];0.0402181;0.012415352907320454
[32  8 32  1];0.0050869;0.09815838816605492
[  4 128  16   1];0.00179887;0.2775753138147308
[ 2 64  4  1];0.00117612;0.4245501349878455
[128   1   1   2];0.161648;0.0030889457633988967
[32  4 32  1];0.0102091;0.048909492978020074
[ 4 32  8  3];0.03001;0.016638517319623618
[ 8 64  2  5];0.0413022;0.012089474767976156
[128   4   1   3];0.161179;0.003097934003573076
[ 4  1 32  1];0.03756;0.01329398042497084
[16  2 16  5];0.047714;0.010464893003351319
[4 8 2 5];0.0411811;0.012125025916303956
[  2   2 128   1];0.026922;0.018546984056232996
[ 4  8 32  1];0.00495005;0.10087209316308013
[ 2 32 16  4];0.00244403;0.20430269054058453
[ 2  8 32  0];0.0401871;0.012424930008930845
[16 64  8  1];0.00202608;0.2464472798516864
[ 4  1 16  4];0.038336;0.013024882741076396
[ 4 16  2  0];0.032989;0.015136012148349596
[8 1 1 2];0.0310359;0.01608852666627695
[256   4   2   4];0.032815;0.015216270143589969
[ 2 16  1  0];0.034502;0.014472259717173057
[32 16  4  1];0.00269294;0.1854188748215351
[  2   1 128   1];0.0540512;0.009237943001485716
[2 8 8 1];0.00505304;0.0988161393461965
[ 1  1 16  3];0.063096;0.007913685570589336
[  2 256  32   1];0.00214696;0.2325715918144282
[32  2  8  3];0.062614;0.007974604797040675
[  1  32 128   1];0.00232506;0.21475656747004584
[ 64 128   1   1];0.00375009;0.13314931235301147
[ 4 16  1  0];0.039865;0.012525320575991592
[  2   8 128   4];0.00519109;0.09618825810415631
[ 8 64  2  2];0.0345461;0.014453785080281268
[ 8 32  4  2];0.0312591;0.015973649425668198
[ 1 16 64  5];0.032342;0.015438807271099645
[  2   2 512   1];0.0316088;0.015796926955844726
[  1 256   1   2];0.0403209;0.012383699390685843
[64  2  4  1];0.0203269;0.024564587062557736
[2 8 8 5];0.037611;0.013275953969899891
[4 8 4 4];0.00500488;0.09976700835222918
[8 8 1 4];0.00270486;0.18460175564055248
[32  2  4  1];0.0190248;0.026245842519338165
[64  4  2  4];0.0473759;0.010539576129675737
[ 1 16  4  3];0.0267901;0.018638299400222647
[ 1  2 32  1];0.0310872;0.016061977430000283
[ 1 64  1  4];0.00197887;0.2523267848630303
[  8   8 128   4];0.00443292;0.11263950280219466
[1 4 4 2];0.0404091;0.012356669778884081
[64  1  8  3];0.161218;0.003097184587092662
[ 2  1 64  3];0.0401969;0.012421900812299077
[  4 128  32   1];0.0019331;0.25830112501262464
[ 2  1 32  0];0.0457408;0.010916335192255159
[2 2 4 2];0.0362549;0.01377253570584679
[ 4 64  1  3];0.040513;0.012324979753706335
[  2   1 128   3];0.0403609;0.012371426424135855
[ 8  1 16  1];0.030489;0.01637711649322394
[1 4 1 3];0.028816;0.017327939504508078
[  1 256   4   1];0.00167489;0.29812220788344596
[ 1 32  8  2];0.0284948;0.017523264060877942
[  1 128  64   4];0.00217414;0.22966409925851358
[ 32 128   1   4];0.010638;0.04693757329967144
[ 2  2 64  0];0.0481801;0.010363654387639394
[ 4  2 64  5];0.032079;0.01556538248579771
[ 2 16  2  3];0.0280881;0.017776991137239784
[16  1  8  5];0.0491989;0.010149046112045286
[2 1 2 5];0.035717;0.013979950857068197
[4 4 8 2];0.0289841;0.017227442106599992
[ 4  2 32  2];0.042321;0.011798442965948461
[4 1 8 4];0.0383849;0.01300828984214899
[256   2   1   1];0.0764;0.006535627025679382
[ 4 32  4  4];0.00231481;0.21570751152876683
[256  16   1   1];0.00801516;0.06229718492979613
[16 16  4  0];0.031431;0.015886287574748012
[32 32  2  4];0.0068028;0.07339946856616462
[  1   1 256   1];0.062032;0.0080494245673508
[2 8 1 2];0.0281451;0.017740988831516136
[8 1 2 0];0.031054;0.016079149377275222
[4 8 2 3];0.0282741;0.017660045934685977
[16 64  8  4];0.0029819;0.16745092215094562
[ 1  2 32  3];0.0408149;0.012233814238474302
[2 8 4 5];0.0292499;0.01707089271286072
[  8 256   1   4];0.00300002;0.16643952532379944
[32 32  1  5];0.0640461;0.007796288997486261
[8 2 8 1];0.028744;0.017371343750414166
[ 8  8 32  4];0.00669289;0.07460482762482347
[4 1 4 1];0.0360661;0.013844632626258587
[16  4  1  0];0.0409541;0.012192232395826175
[128  16   8   1];0.00275087;0.1815141772464365
[1 4 8 0];0.0299418;0.016676415738596368
[ 2 32  8  4];0.00210881;0.23677899135621738
[128   2   2   1];0.0299859;0.016651889880307236
[ 8  2 64  5];0.0394471;0.012658013003792542
[  1 128   2   5];0.0404408;0.012346983856944096
[ 1 16  1  5];0.028059;0.017795427661780702
[ 1  2 64  5];0.0402861;0.012394396696674654
[16 16  4  4];0.00255394;0.19551042889100947
[  2 128   2   4];0.00134993;0.3698872569406597
[32 32  1  3];0.0798762;0.0062511975377134215
[ 1 64  8  3];0.027771;0.017979975685495832
[128  32   1   1];0.00499606;0.09994313614366215
[1 4 2 2];0.0361931;0.013796052417778659
[ 2 64  4  2];0.0298162;0.0167466647246096
[ 2  1 32  4];0.0402379;0.012409243642483947
[2 2 2 5];0.0381031;0.013104495559728861
[1 1 1 0];0.061619;0.0081033756594866
[32  1  2  4];0.069957;0.007137554565831936
[2 4 4 4];0.00807595;0.061828256088993214
[64  1 16  3];0.16374;0.0030494803026866056
[ 2 32  2  0];0.0326631;0.015287033525963695
[16  1  1  4];0.031817;0.015693557053207557
[  4 128   4   1];0.00187302;0.2665865312500159
[ 8  4 16  1];0.0075891;0.0657946139544748
[16  2 64  4];0.0232921;0.021437393140245183
[128   2   1   4];0.0799172;0.006247990479670269
[  1  32 256   4];0.00229406;0.21765860734327122
[ 4 32 16  1];0.00173306;0.28811576330992855
[  2   1 128   4];0.0402372;0.012409459524069884
[ 2 16  1  5];0.0343978;0.014516100005288269
[ 2 32  8  2];0.0287509;0.01736717475842164
[64  2  8  5];0.156255;0.0031955579326223464
[  2  32 128   4];0.002244;0.22251421780833547
[64  1  2  0];0.0555711;0.008985280204313119
[ 4  2 64  2];0.0484591;0.010303986346463406
[  4  32 128   1];0.00226521;0.22043073479364153
[2 4 8 1];0.00984287;0.05072929996656511
[ 4 16  2  3];0.0331831;0.015047476117719706
[ 4  2 16  5];0.0318561;0.01567429486854652
[1 2 1 4];0.030894;0.016162423278368122
[ 16 128   1   4];0.00457287;0.10919223698944094
[ 8  1 64  3];0.038137;0.013092846966512962
[ 2 16  2  5];0.039531;0.012631147827322982
[ 1  2 16  0];0.0355251;0.01405546795820152
[128   2   4   4];0.078481;0.006362328522341774
[4 4 2 3];0.027343;0.0182614162587099
[  4 256   1   4];0.00499511;0.09996214392914367
[ 8  1 16  5];0.031749;0.01572716950965085
[ 1 32  4  2];0.0290432;0.017192385989212786
[64  4  1  4];0.0406358;0.01228773408575455
[ 2  2 16  0];0.0319281;0.015638948285739043
[ 64 256   1   1];0.00359797;0.1387787849153564
[ 1  4 64  4];0.0155602;0.032089684243255534
[ 4  2 16  2];0.0542848;0.009198190004603587
[4 4 2 5];0.030606;0.01631451038234022
[64 16 16  1];0.00267506;0.18665820757736454
[128   2   1   3];0.161832;0.003085433689022596
[64  2  1  2];0.15222;0.0032802647796735303
[  1   2 256   4];0.031527;0.01583791368547292
[16 64 16  4];0.00386882;0.12906310057379378
[ 2  2 32  5];0.038027;0.013130720402921734
[ 2 64 64  4];0.00183511;0.27209371904785257
[32 32  8  1];0.00176096;0.2835509635436948
[64  2  8  4];0.0898988;0.005554266628274291
[4 1 2 5];0.0398979;0.012514992136475974
[32  2  2  3];0.0610161;0.008183445103208904
[ 1 16 64  1];0.00411201;0.12143012900306778
[4 2 2 1];0.00894594;0.05581547660300704
[32  8  4  5];0.064311;0.007764175720512896
[64  2  8  2];0.0341399;0.014625757684173204
[  8   8 128   1];0.00700402;0.07129075941557916
[32  1  1  5];0.058738;0.008500832591540481
[ 2 64 64  1];0.0021801;0.22903623905412815
[  4   1 256   1];0.063539;0.007858510596041876
[64  4  2  1];0.0140641;0.035503295963616927
[128   4   4   1];0.0105841;0.04717660497934682
[16  4  4  4];0.00852299;0.05858529750262582
[32  1 32  4];0.0627902;0.007952226697190083
[ 16 128   4   4];0.004282;0.11660950601632526
[16  1  1  1];0.0318182;0.01569296518225119
[1 2 4 4];0.030911;0.016153534494578136
[ 2 16 16  2];0.0326419;0.015296962026165902
[ 1 16 64  4];0.00408506;0.1222312291035884
[32  2  2  5];0.0617731;0.008083160870377313
[2 2 2 3];0.037112;0.0134544596023363
[64  8  8  4];0.0232229;0.021501272655951875
[256   1   1   5];0.125812;0.003968793952579283
[64 16  4  1];0.00289989;0.1721864983712847
[ 64 128   2   4];0.00695801;0.07176217119002484
[ 2 64  4  3];0.0297959;0.016758074257260388
[128   8   1   2];0.165854;0.003010611168629667
[64  1  4  4];0.20881;0.002391273908155284
[  1 128   1   5];0.040153;0.012435481900777146
[  4   1 128   0];0.0555952;0.008981385169257504
[  1 256   2   4];0.00177503;0.28130336093581787
[1 1 1 2];0.062789;0.007952378677187164
[ 8 16  8  5];0.0638011;0.00782622720865165
[8 2 4 1];0.0136039;0.03670432043472128
[64  8  4  1];0.00748086;0.0667465912691729
[16  4  8  0];0.0297129;0.01680488625350958
[2 2 4 0];0.036092;0.01383469757181383
[256  16   4   4];0.00925589;0.0539463957287635
[2 1 8 2];0.039305;0.012703775722221212
[  1 128   4   3];0.0289249;0.0172627011592747
[ 8  1 32  4];0.0313461;0.01592931512251619
[ 1  8 32  4];0.00810289;0.061622693231909206
[ 2  2 64  5];0.037977;0.013148008130234215
[16 16  1  2];0.046602;0.010714602479762775
[8 2 8 2];0.0300651;0.016608024079810303
[  8   4 128   1];0.013453;0.037116026519133635
[16  8  1  5];0.0473859;0.010537351928778492
[4 8 1 3];0.034358;0.01453291532574378
[64  1  8  4];0.185365;0.0026937226809910435
[  8 128   8   1];0.00193787;0.25766532572458667
[ 1  4 16  2];0.0315628;0.015819949585014786
[8 2 4 3];0.027832;0.017940568581557372
[ 4 32  4  1];0.00184107;0.271212884225969
[32 16  8  1];0.00229383;0.21768043175034973
[ 1 32  4  4];0.00218201;0.2288357545391198
[  1   8 128   0];0.055639;0.008974314864787374
[16  2  8  0];0.0286942;0.017401492453593577
[  1 128  64   1];0.00231695;0.21550827802149583
[ 1 32 32  5];0.040297;0.012391044116482735
[ 1 32 32  3];0.040364;0.012370476284855436
[32  2  2  1];0.020256;0.024650567968103516
[ 1 64  1  0];0.0395699;0.012618730518952659
[ 4  2 32  4];0.0191479;0.026077110532324945
[64  2  1  4];0.0804181;0.006209073638421011
[4 8 1 0];0.0345991;0.014431644313346438
[32  8  2  2];0.0455751;0.010956024337015273
[8 2 8 5];0.040664;0.01227921268841985
[  2 128  16   4];0.00191903;0.26019494471785476
[ 1 32  8  1];0.00217795;0.2292623360324639
[16  1  1  0];0.0554781;0.00900034256331606
[ 1  1 32  5];0.070421;0.007090525621077587
[128   1   2   5];0.15603;0.003200166024238318
[  2 256  16   4];0.00220084;0.22687787606636775
[64  4  1  0];0.0536599;0.009305308149323885
[8 1 4 3];0.033114;0.015078876147910395
[8 1 4 5];0.0323658;0.015427454435296046
[  2 256   1   1];0.00289297;0.17259836941340725
[ 1 16  8  3];0.029072;0.017175354456587258
[ 8 32  4  1];0.00169992;0.29373259021713066
[1 1 1 3];0.0616291;0.008102047648950006
[64 32  4  1];0.00215816;0.2313646368952741
[ 1 64 16  3];0.032851;0.015199595286655043
[  4   1 256   4];0.038173;0.013080499430537417
[128   1   1   3];0.158874;0.0031428799222144896
[ 32 128   4   1];0.00174189;0.28665524502804696
[ 1  4 64  3];0.048629;0.010267986279008509
[2 2 4 4];0.0159872;0.031232605131724427
[ 2 16 16  1];0.00237894;0.2098926012265567
[16  4 64  4];0.011868;0.04207296130450832
[ 8  2 16  2];0.032496;0.015365642071698203
[ 2  4 64  4];0.01016;0.04914585676790401
[ 8 16  1  2];0.041137;0.012138024278919338
[32 64  2  1];0.00408816;0.12213854270916616
[32  4  4  3];0.060796;0.008213071661982775
[8 4 8 2];0.0288901;0.01728349520292089
[  1   2 128   3];0.05721;0.008727878076593337
[32  1 32  3];0.065069;0.007673729498868966
[128   2   4   1];0.0309401;0.016138341658944372
[ 4  2 16  3];0.030725;0.016251323181835794
[  2  16 128   1];0.00362802;0.13762931427111888
[  4 256   2   1];0.00207305;0.24086341610762152
[  4 256   4   4];0.00359297;0.13897191035881312
[128   4   1   1];0.0385199;0.012962699922946444
[32  1 16  2];0.0349112;0.014302627946386969
[ 1 32 32  4];0.0023241;0.21484527548810498
[16 64  2  4];0.0044508;0.1121870011597701
[4 8 8 1];0.00388098;0.12865871629379816
[16  2  4  2];0.0319822;0.015612493973582327
[ 1  8 16  1];0.00789905;0.06321290595222272
[ 2 32  1  0];0.0404091;0.012356669778884081
[  1   1 128   5];0.0628011;0.007950846478197115
[4 2 8 3];0.030009;0.01663907177053233
[1 4 2 5];0.0382509;0.01305386029510168
[8 8 8 4];0.00428987;0.11639557953082605
[8 8 8 1];0.00355887;0.14030349654859683
[  4   8 256   1];0.00771809;0.06469500935618848
[ 8  4 16  3];0.0298669;0.01671823673571428
[128   2   1   2];0.159529;0.0031299757709376025
[16  4  8  2];0.0300231;0.01663125742384713
[  1   2 128   2];0.0698609;0.007147372919070678
[  1 128  16   4];0.00215101;0.23213369754761937
[128   8   1   1];0.019377;0.025768793144547907
[ 8  2 32  4];0.016475;0.03030785461377267
[16  2 16  3];0.045321;0.011017451176317927
[  1   1 128   4];0.061898;0.008066850379041403
[4 2 4 0];0.0281739;0.017722853590092416
[32  1  1  4];0.0601001;0.008308170947501
[16  8  4  4];0.00472593;0.10565579785606322
[  1   1 256   2];0.062979;0.00792838731580217
[ 2 64  8  4];0.00184989;0.2699197815880429
[  2 256   1   2];0.0406609;0.012280148859516261
[ 8 16  8  1];0.00200891;0.24855364588851903
[16  4  8  4];0.00941396;0.05304058066551215
[  2 128   2   2];0.0327332;0.015254295478654846
[  1   2 512   0];0.0634911;0.007864439342867029
[16  2 16  2];0.0322912;0.015463095356069293
[  2 128  32   4];0.00198889;0.2510555660503621
[16  4  4  5];0.0481541;0.01036925006929638
[2 4 8 5];0.032439;0.015392641720210386
[ 2  4 16  1];0.00838709;0.059534582884159436
[1 2 4 3];0.0393739;0.012681545510145165
[32  2  2  0];0.041394;0.012062663786101966
[8 8 1 3];0.040344;0.012376608783509439
[128   1   8   4];0.15823;0.0031556715209625527
[32 16  1  0];0.0427492;0.011680263133857586
[ 2 32  8  1];0.00196886;0.25360965470470465
[ 8  8 32  1];0.004848;0.102995442401383
[1 1 4 2];0.061856;0.008072327741236174
[ 1 64  8  2];0.0401611;0.012432973816999654
[ 8 16  1  0];0.0403731;0.012367688009142343
[64  1  4  3];0.160932;0.003102688742834892
[ 4 16 16  3];0.029707;0.016808223811287062
[  1 256   2   0];0.034379;0.014524038068643788
[16 32  8  1];0.00168896;0.2956386798751331
[32 16  2  1];0.00292492;0.1707130125821919
[  2  32 256   1];0.00227904;0.21909308514194784
[4 4 4 2];0.027914;0.017887866474238904
[ 2 32  1  1];0.00269103;0.18555047872446787
[64  2  1  1];0.0806689;0.0061897695984686136
[ 1 64  2  3];0.0325341;0.01534764769155762
[16  2  1  4];0.016078;0.031056219975239756
[ 1 32  2  5];0.0396719;0.012586286635172621
[64  1  1  3];0.167217;0.0029860714207401444
[1 2 2 1];0.0309231;0.016147213725722996
[ 4  1 16  5];0.0383329;0.013025936069587867
[ 2  8 32  5];0.038192;0.013073992060167176
[ 2  4 64  2];0.0476029;0.010489316927370072
[ 1 64 16  1];0.00227094;0.2198745474393444
[4 8 4 0];0.029294;0.017045193717549832
[32  2 16  3];0.0651431;0.007665000664105712
[2 4 2 3];0.0313108;0.015947273936210662
[ 2 64  2  3];0.0324049;0.015408839550867455
[  4 128   2   2];0.0340319;0.014672172425339308
[  1 128   2   0];0.0324011;0.01541064669909061
[32  2 16  0];0.032877;0.01518757504522629
[ 4 32 64  1];0.00224686;0.222230982242732
[64  1  2  5];0.15678;0.003184857155006409
[8 8 4 5];0.0415509;0.012017114064001135
[2 4 2 2];0.0310841;0.016063579282073626
[256   1   1   3];0.158939;0.003141594603979544
[256  32   1   1];0.00488782;0.1021563610693325
[16  4  1  3];0.0460951;0.010832429146740213
[32  8  4  4];0.00807095;0.06186655904966636
[ 8 16 32  4];0.00226092;0.22084899278254197
[16 32  1  1];0.00237918;0.20987142829122
[ 8  1 64  4];0.0319159;0.015644926345862245
[128  16   1   4];0.00899291;0.05552395217587019
[1 8 4 2];0.028322;0.017630178121668835
[ 1 16 64  0];0.0471671;0.010586232877618186
[ 4 32  8  0];0.030369;0.01644182899541983
[32  1  8  0];0.0323229;0.015447930252604337
[1 1 1 5];0.061615;0.008103901724610967
[ 2  4 32  2];0.0410321;0.012169055562886246
[16  2 16  1];0.014972;0.03335038102871392
[32  1  2  1];0.0403931;0.01236156434544278
[64  2  4  3];0.160065;0.003119494610076561
[2 2 1 4];0.016197;0.03082804869802462
[16 16  8  1];0.0022161;0.22531560162533495
[256  64   1   1];0.0048039;0.10394094480774055
[16  4  1  5];0.0457261;0.01091984456933578
[256   2   2   1];0.031498;0.015852495547714292
[ 16 256   2   4];0.00649405;0.0768891377125068
[  2   1 256   3];0.0404;0.01235945308816596
[64  2 16  1];0.016356;0.030528362971503107
[64  2  2  1];0.0340281;0.014673810902222128
[  2 256   4   1];0.00290918;0.17163664838954784
[ 2  2 16  1];0.0165792;0.030117370244758784
[32  1  4  2];0.0370731;0.01346857707507343
[256   2   4   4];0.0827248;0.0060359397032317364
[2 4 4 1];0.00807595;0.061828256088993214
[32 16  2  3];0.064594;0.0077301592216290176
[64  8  2  4];0.023756;0.02101877019539926
[128  32   2   4];0.0049541;0.10078962975351824
[256   4   1   4];0.0321372;0.015537193805369005
[ 1 16  4  2];0.0268049;0.018628008489563655
[2 4 1 3];0.0311379;0.01603582466261067
[ 4  4 32  0];0.0400169;0.012477775758789531
[ 1 32 16  2];0.0321848;0.01551421493257391
[ 8 16  1  5];0.0414009;0.01206065338584197
[128  64   2   1];0.00263906;0.18920445338942835
[ 4  4 16  2];0.0324261;0.01539876533909119
[ 8 16 64  4];0.00231218;0.21595286905081126
[  4   2 128   2];0.05445;0.009170282915737462
[ 8 16  1  4];0.00195289;0.2556835790863309
[ 1  1 16  4];0.0618591;0.008071923205509049
[16  8 16  1];0.00400305;0.12473536547430203
[2 2 2 4];0.0160141;0.03118014154787998
[8 2 1 5];0.027792;0.017966389779861282
[ 1 64  4  3];0.028805;0.01733455666592275
[2 4 1 1];0.00821805;0.060759170942243576
[2 8 4 3];0.02683;0.018610581616172375
[  4  16 256   4];0.00265002;0.1884219382351472
[256   1   2   2];0.0620761;0.008043706108500772
[16  1  2  1];0.028136;0.017746726782837105
[ 2 16 32  3];0.0295599;0.016891867183647602
[ 1  1 64  2];0.0631721;0.007904152383123322
[32 32 16  1];0.00178289;0.2800632146469523
[32  8  1  0];0.046356;0.010771462265120045
[32  2  4  5];0.060848;0.008206052865532224
[ 8 16  2  3];0.0330441;0.015110773322980647
[  2 128   1   3];0.040458;0.012341734756090385
[  4 128   4   4];0.00184298;0.2709318086804549
[ 8 64  8  4];0.00193286;0.2583331978321786
[4 4 1 1];0.00626993;0.07963755652166847
[ 8  4 32  3];0.0306339;0.01629965184850459
[4 2 4 4];0.0192411;0.025950798278783684
[ 1 32 32  0];0.0403109;0.012386771438045412
[32  2 16  5];0.0653551;0.0076401368028188275
[ 1 16 32  4];0.00409508;0.12193214900854311
[32 16  1  2];0.0605199;0.008250540809913843
[32 32  1  1];0.00652313;0.0765463672748979
[ 8  2 64  1];0.022866;0.02183687154560941
[  2   1 256   4];0.040266;0.01240058373719527
[ 2 64  1  4];0.00188208;0.26530323087323854
[8 8 8 5];0.0418029;0.011944671416621928
[  1 128  16   1];0.00215197;0.23203014203818118
[8 2 4 5];0.0292938;0.017045310091620233
[16  1 32  2];0.04058;0.012304630477129246
[32  8  1  5];0.0608249;0.008209169349426053
[ 4 16  1  3];0.041919;0.011911589130511338
[ 4 16  1  4];0.00165009;0.30260283061039384
[16 32  1  2];0.047087;0.010604241186779892
[  1 256   4   4];0.00163102;0.3061408840859737
[  1   1 128   0];0.062613;0.007974732160444392
[ 4 32 32  4];0.002038;0.2450058413944577
[ 8 64 32  4];0.00184894;0.27005846850730947
[4 1 4 2];0.0360999;0.013831670025731506
[ 1  2 16  3];0.035495;0.014067387090066342
[ 4 16 64  4];0.0025661;0.1945839619507832
[  1   2 256   2];0.0610819;0.008174629550847383
[64  2  2  5];0.154745;0.0032267401516165614
[16  1 16  5];0.049217;0.01014531370790387
[ 1  1 64  3];0.063087;0.007914814538049118
[  2  64 128   4];0.00211191;0.23643143162440863
[  1   4 256   5];0.0380061;0.013137941140025016
[ 1  4 32  2];0.042098;0.011860941250460943
[2 1 2 0];0.032439;0.015392641720210386
[ 2  4 16  0];0.0333591;0.014968086811751657
[  1 128   1   3];0.0401731;0.012429259996413141
[1 1 4 0];0.0618811;0.008069053471284523
[2 1 1 5];0.032861;0.015194969865856327
[  1 128 128   4];0.00227094;0.2198745474393444
[8 2 8 3];0.030194;0.016537123427234048
[ 2  8 16  3];0.02793;0.01787761921811331
[2 4 8 2];0.027456;0.018186258186258186
[ 1  8 16  5];0.0344088;0.014511459416251213
[ 1 64  4  4];0.00223804;0.22310678306102874
[ 2 32  2  4];0.001405;0.3553892560582952
[64  4  1  5];0.155292;0.0032153742933435383
[ 8  1 32  1];0.0367341;0.013592871603276106
[1 4 1 2];0.0288248;0.017322649411683853
[32  2  1  0];0.050914;0.009807163152804823
[ 2  2 32  3];0.0335741;0.014872234989527782
[ 4  1 16  2];0.0321338;0.01553883775843208
[  1   1 512   0];0.0628252;0.007947796501434214
[ 4  1 32  5];0.0539119;0.009261812415476078
[  1   1 256   4];0.0619888;0.00805503421201741
[128   4   1   5];0.160055;0.003119689511492329
[  8 256   8   1];0.00214601;0.2326745470719637
[ 1  2 16  5];0.0401139;0.012447603069307766
[2 1 2 2];0.0323648;0.015427931109165042
[  4  16 128   4];0.00258088;0.19346963235869347
[ 4 64  4  5];0.0405419;0.01231619398108882
[ 8 16  1  3];0.0411322;0.012139440748656886
[16  2 32  2];0.0406189;0.012292846550790514
[4 8 2 1];0.00247312;0.20189958625618845
[  2 128   1   0];0.0403671;0.01236952629150731
[1 2 2 5];0.032443;0.015390743912767154
[32 64  1  1];0.00794482;0.06284873726049234
[ 8  4 16  2];0.0320501;0.015579417997507177
[ 8 32  4  4];0.00197411;0.25293519852586976
[32  4  1  1];0.015913;0.03137823821792904
[128   1   4   0];0.045706;0.010924646758891716
[1 2 1 2];0.0335369;0.014888731658617963
[64  4  1  2];0.155647;0.0032080406609951025
[16 16  2  2];0.0386569;0.012916760132393047
[1 1 4 3];0.0642328;0.0077736281893659425
[  2   1 128   0];0.0556059;0.008979656920612826
[32  2 32  1];0.0193629;0.025787557894835215
[16 64  1  2];0.047641;0.010480928292057361
[ 8  2 64  0];0.0470941;0.010602642470328657
[ 4 64  2  2];0.0329368;0.01516000050891115
[ 8 64 16  1];0.00189614;0.2633359903603662
[ 4 32  2  4];0.001158;0.4311933547166708
[32 16  1  4];0.00712395;0.0700905964755374
[ 2  2 32  4];0.0202081;0.02470899811273226
[2 4 2 1];0.00815105;0.06125859916966584
[ 4  2 32  0];0.04106;0.012160786769651846
[  8 128   1   0];0.041121;0.012142747130709487
[ 64 128   1   4];0.00371313;0.13447466282136764
[ 8 32  1  5];0.0412209;0.012113318844612923
[16  8 32  4];0.00578499;0.08631335659385837
[256   2   2   3];0.139933;0.0035682927169567204
[ 2 64  1  0];0.0405331;0.012318867907016851
[8 4 4 1];0.00713801;0.069952536457907
[ 1 32  1  3];0.0346901;0.014393786837221707
[ 4  8 32  4];0.00497389;0.10038861027523825
[  1 256   1   0];0.0413542;0.012074273103140788
[16  1 32  4];0.0418358;0.011935278033691354
[8 4 1 1];0.00493598;0.10115962884004893
[  1 128   1   0];0.0401421;0.012438858573963613
[ 8  1 16  0];0.0335281;0.014892639450547595
[ 1  2 64  4];0.0310211;0.016096202415836473
[  1  32 512   1];0.0025239;0.1978374360164447
[ 4  8 32  5];0.0401108;0.012448565093737965
[  4   1 256   3];0.0379522;0.013156599742884597
[  2   4 128   3];0.0347569;0.014366123122657797
[  1   2 256   3];0.0608308;0.008208373139296291
[ 2 32  4  0];0.02911;0.017152933863342656
[32  1  8  4];0.0591671;0.00843918165267361
[16  4  2  3];0.0416601;0.011985614647154107
[ 1 16  8  0];0.0294659;0.016945754406344445
[ 8 16  2  1];0.002285;0.21852162134000208
[ 1 32  2  3];0.0279729;0.017850201615202742
[ 4  4 64  5];0.036582;0.013649387807170323
[ 4  4 64  2];0.067817;0.007362783738028883
[32  4  8  3];0.0655291;0.00761984987985345
[ 2  4 64  3];0.0342529;0.01457750744497268
[  1   1 256   0];0.0630748;0.007916345430534932
[  2   1 256   1];0.0594208;0.008403150155533159
[32  4  4  4];0.0157151;0.03177338386404826
[1 8 4 4];0.00789309;0.06326063743881101
[32  1  4  3];0.063271;0.00789179726512786
[ 4 64  2  1];0.00127697;0.39102085778201895
[8 1 4 0];0.0291281;0.017142275148804925
[  8   4 128   4];0.00831103;0.060079425144886345
[128   2   2   4];0.079895;0.006249726575654356
[2 4 8 3];0.027709;0.018020206602977543
[128   4   2   4];0.0361989;0.013793841933371036
[4 1 8 1];0.0279181;0.017885239495592634
[ 8  4 16  5];0.0418408;0.011933851761006118
[16  8  2  1];0.00398111;0.12542278529402723
[64  4  2  2];0.0575461;0.008676902600904401
[  1   2 512   3];0.063005;0.007925115542606217
[  8 256   4   4];0.00273108;0.18282946847470774
[128   4   2   2];0.0601978;0.008294686928125359
[16 16  2  5];0.0467939;0.010670662303460596
[ 2 32  2  2];0.0326779;0.015280109944699773
[  1 128   8   2];0.0288599;0.017301581251560286
[16  2  1  1];0.016237;0.03075210351431328
[  2   2 256   5];0.038692;0.012905042509095027
[ 8 16  4  4];0.00230503;0.21662273582639044
[  8 128  16   4];0.00369906;0.13498615993303834
[ 2  2 16  5];0.0384979;0.012970107584099515
[ 8 64  2  3];0.034214;0.01459408150937934
[  2 128  32   1];0.00203204;0.2457244467441117
[16  2  4  3];0.0431011;0.011584899335792005
[  8 128   2   4];0.00273609;0.1824946930700031
[ 8 16  2  4];0.00234604;0.21283605768098784
[ 2 32  8  5];0.0401511;0.01243607036325044
[64 16  2  4];0.012574;0.03971066524271551
[4 1 1 1];0.0204349;0.024434761352485443
[ 2  4 64  0];0.065778;0.007591016825715357
[  1 128   8   0];0.0296612;0.016834177469620407
[  1 256   4   5];0.0403929;0.012361625552062485
[16  1 16  0];0.032763;0.015240420741748459
[2 8 1 1];0.0042398;0.1177701553757028
[ 8 16  2  2];0.0339642;0.014701418103824167
[ 4  8 32  2];0.039953;0.01249773245468187
[128  64   1   4];0.00400686;0.1246167584497349
[256   1   4   1];0.047858;0.010433405172842676
[8 2 2 1];0.0155129;0.03218752810640852
[32  4  8  4];0.015223;0.0328004929883666
[ 4 32 32  1];0.00180912;0.2760026448007345
[1 8 8 5];0.032279;0.015468939705750015
[128 128   1   1];0.00385118;0.12965426304714522
[32 16  1  3];0.0607512;0.008219128260213869
[1 4 8 5];0.0379961;0.013141398847826613
[256   4   1   5];0.166097;0.0030062066428767817
[256  64   1   4];0.00442815;0.11276083799372306
[  2   2 128   4];0.0201581;0.024770286126267096
[ 2 32  8  0];0.02934;0.017018469828285778
[ 2 16  1  3];0.0343659;0.014529574513162898
[1 8 2 3];0.0310841;0.016063579282073626
[ 4  4 64  0];0.0662539;0.007536490753931539
[8 2 8 0];0.02983;0.016738917357086987
[ 2 16 16  0];0.0319619;0.015622409955662985
[ 4  4 32  4];0.00975704;0.05117555167980297
[  2  16 128   4];0.00270295;0.18473220176544322
[1 4 1 5];0.02788;0.017909680945548952
[ 2 32  4  5];0.0405428;0.01231592057682017
[16  2 16  4];0.017556;0.02844166693790754
[  2   1 256   2];0.0604069;0.008265974661204345
[ 1 16 64  2];0.0469801;0.01062837041134235
[4 4 8 1];0.00718904;0.06945599200476069
[4 2 8 0];0.0275981;0.018092618867309878
[2 1 4 0];0.0398529;0.012529123470610791
[128   1   4   4];0.157553;0.003169231336514727
[128  64   2   4];0.00405002;0.12328875036713517
[ 1 32  8  5];0.0400929;0.012454122918569241
[64 32  1  1];0.00594115;0.08404465545591422
[1 2 8 2];0.038569;0.012946197847024936
[ 8 32  2  1];0.00174999;0.285328433169278
[  4   2 128   1];0.0265901;0.018778489165588125
[32  2  8  2];0.0324349;0.015394587458629585
[  1   1 512   4];0.062712;0.007962142887516021
[1 8 8 3];0.027086;0.018434685991357336
[8 4 2 1];0.0080061;0.062367682737151015
[2 2 1 1];0.0161979;0.030826335806611024
[  4 128   1   0];0.040359;0.012372008839711212
[ 4 64 16  4];0.00190091;0.26267519491291264
[16  2  2  1];0.0143309;0.03484232705286512
[16 32 16  4];0.00241995;0.20633562873691802
[ 8  2 32  2];0.0418789;0.0119229947482361
[2 1 8 5];0.0404031;0.012358504787056062
[ 2  1 16  4];0.040231;0.012411371946059128
[ 4 16  8  4];0.00379205;0.13167598126657212
[  2   2 512   4];0.019479;0.025633857218640834
[128   1   2   2];0.0714798;0.006985496668456051
[ 4  8 16  1];0.00409889;0.12181881064432194
[64  4  8  1];0.014231;0.035086916222465375
[16  4  8  5];0.047338;0.010548014380875931
[ 2 32  2  1];0.00141096;0.35388806540362927
[  4   4 128   1];0.0134501;0.03712402917167194
[  1  64 128   1];0.00230694;0.21644338594064205
[  2   2 128   2];0.055964;0.008922198283930826
[8 1 1 0];0.030906;0.016156147827667923
[  1 256   4   2];0.029201;0.017099479632954512
[  1 128   4   0];0.029074;0.017174172964225933
[16 64  4  4];0.00368881;0.13536124244997838
[16  8  1  2];0.047729;0.010461604156003787
[32  4 16  4];0.024183;0.020647641101679062
[64  8  8  1];0.00439692;0.11356174430326336
[128   4   1   0];0.059994;0.00832286403243499
[  2   1 256   5];0.0403399;0.012377866696791633
[4 4 4 4];0.00972795;0.05132858462079932
[8 1 8 1];0.0255311;0.019557398810153292
[16 16  1  3];0.046598;0.010715522227604291
[  8 256   8   4];0.00306201;0.16306997846574792
[  4 256   1   3];0.04059;0.01230159903330635
[  1   4 512   1];0.015871;0.03146127558199892
[ 2  1 64  2];0.0696759;0.007166350269776275
[ 2  8 64  4];0.00517893;0.09641410576352737
[2 2 8 1];0.0195341;0.025561551582202652
[32  4  2  2];0.045507;0.010972419732390727
[128   1   4   5];0.157301;0.0031743085216362566
[16  8 32  1];0.00492001;0.1014879857483836
[  1 128   2   4];0.00184703;0.2703377339631218
[8 2 2 3];0.0277729;0.01797874563916281
[ 1  2 32  5];0.0402532;0.01240452696336949
[ 2 64  4  5];0.0405679;0.012308300522381114
[2 1 4 4];0.031729;0.015737082944999994
[32  1  4  0];0.0368619;0.013545745193869679
[  4 128   1   3];0.040606;0.012296751828840682
[16  1  8  3];0.0493982;0.010108099176931644
[8 4 4 5];0.0424891;0.01175176468228098
[32  4  1  5];0.0605149;0.008251222504902176
[ 1 16  1  4];0.00410795;0.12155014174026091
[ 1 64 32  1];0.00218606;0.22841180240336714
[16  1  2  3];0.0342591;0.01457486929784801
[  1   2 256   1];0.0310171;0.01609827820015104
[  1 256  64   4];0.00275993;0.18091832211755546
[256   4   1   0];0.063956;0.007807272261584602
[  1 256  32   4];0.00219083;0.227914491202834
[64  1  1  1];0.161202;0.0030974919961408963
[  2   4 256   1];0.015099;0.033069865869389016
[ 1 16  4  0];0.026788;0.018639760518213557
[8 8 2 2];0.0353241;0.01413544590695601
[32  1  2  0];0.040978;0.012185121400798105
[  2   1 512   2];0.0631211;0.007910538706738393
[4 2 2 4];0.0109398;0.04564269042961524
[ 1  1 32  1];0.0618749;0.008069862008050191
[4 8 8 3];0.0277481;0.01799481423095292
[ 2  8 64  5];0.0344241;0.014505009710113112
[16  4  2  2];0.038969;0.012813310702402032
[ 2 64  8  2];0.0296719;0.016828106887725583
[  4 256   1   2];0.0406771;0.01227525818610237
[  2 128   2   1];0.00133014;0.3753904887920856
[32 32  1  4];0.00792193;0.06303033538063385
[ 8 64  1  0];0.0406191;0.012292786023370897
[  1   1 512   2];0.0628359;0.007946443112327582
[64  1  2  3];0.161939;0.0030833950114666927
[16  1  2  2];0.0290291;0.01720073666637632
[2 4 4 5];0.0322659;0.015475220116652713
[ 2  4 64  1];0.0116601;0.042823123709222456
[4 8 4 2];0.029355;0.017009773625001015
[  4 128  16   4];0.0021522;0.23200534558215072
[8 4 8 3];0.029108;0.017154112435134837
[128   1   8   3];0.165735;0.003012772828683771
[  1 128   4   1];0.00179505;0.2781660147415976
[32  2  1  2];0.0596879;0.008365546530568252
[  1   4 256   0];0.060611;0.008238140020159787
[ 1  1 64  0];0.063118;0.007910927227762363
[  1 128   1   2];0.0401371;0.01244040812021558
[128   4   8   4];0.040643;0.012285557285680308
[1 1 4 5];0.0618589;0.00807194930336467
[64  1  2  2];0.0566568;0.008813097541017226
[  2   1 256   0];0.0600579;0.008314008727609604
[4 2 8 2];0.0283811;0.017593465537343683
[  8   1 128   5];0.032033;0.015587734672428582
[32  4  4  0];0.0308759;0.016171897977448585
[8 4 8 0];0.0287549;0.017364758867598383
[  8  16 128   4];0.00235701;0.21184547573489496
[  8 128   4   4];0.00340104;0.14681447579619902
[ 8 16  2  5];0.0415151;0.012027476864126661
[  1 256   4   0];0.029135;0.017138215368522558
[ 8  1 16  2];0.0338089;0.014768948553839513
[  4 128   1   4];0.00259805;0.19219102971917582
[ 2 16  8  5];0.040216;0.012416001212500118
[16 16  1  0];0.0411458;0.012135428276079326
[16  1  8  4];0.0350921;0.01422889780782298
[  1   2 128   5];0.040302;0.012389506842387593
[  2 128   4   0];0.0310531;0.01607961539304948
[ 1  1 16  2];0.0628622;0.0079431185157679
[ 2 32 32  4];0.00207996;0.24006322465908228
[2 1 8 0];0.0391049;0.012768781016238497
[4 1 1 4];0.0207131;0.024106575295919235
[16  2 32  4];0.030818;0.016202281288918968
[ 2  2 16  2];0.057956;0.008615534280521512
[ 8  2 64  4];0.0163372;0.03056349342371427
[256   2   2   4];0.0560479;0.008908842343101254
[1 2 1 5];0.033515;0.01489846053295255
[ 2 32  2  3];0.035284;0.014151510734664571
[  8 128   4   1];0.00217295;0.22978987310426138
[  4   1 128   1];0.053436;0.009344297940749771
[1 1 2 2];0.061919;0.00806411448443781
[ 4 64  8  1];0.00156784;0.3184775900359123
[1 1 2 0];0.0618939;0.008067384746508215
[ 8  2 16  3];0.029274;0.017056838995760906
[  1   8 512   1];0.00810695;0.06159183228734663
[ 4 64  1  1];0.00213003;0.2344201277737425
[ 2 16  4  3];0.0292161;0.017090641966652113
[64  1  1  5];0.160592;0.003109257651451534
[4 8 1 4];0.00327015;0.15269082603608544
[8 2 2 0];0.0272732;0.018308152499959842
[2 4 1 5];0.0310848;0.016063217545614086
[256  32   2   1];0.002985;0.16727702002073863
[32  8  2  4];0.0176492;0.02829147523751245
[ 4  4 16  5];0.032105;0.015552776974362397
[  2   8 128   1];0.0068891;0.0724799908205578
[ 1 32 32  2];0.040926;0.01220060364467343
[128   8   8   4];0.0202951;0.024603076839330912
[16  1  4  5];0.033293;0.014997804486285547
[  2   4 512   1];0.0158989;0.03140606612796513
[2 8 1 0];0.0281382;0.017745339245648434
[2 2 1 5];0.027195;0.018360798115900155
[  1 128   8   4];0.00170493;0.2928694461132743
[ 4  1 64  5];0.0380399;0.013126267544391671
[  1 256  32   1];0.00218201;0.2288357545391198
[ 1 32  2  2];0.0279582;0.017859586982062678
[ 1  8 32  3];0.0410759;0.012156079471463918
[ 4  2 16  0];0.0336509;0.014838292728037135
[32  2  1  3];0.0595279;0.008388031574470203
[128   8   4   1];0.00573301;0.08709594170634706
[32 16 32  1];0.00282502;0.17674986540339704
[  1 128   4   2];0.0289781;0.017231009098660877
[ 2 64  4  4];0.00116587;0.42828265995514486
[64  2  2  3];0.1598;0.0031246677394362
[ 8  2 32  1];0.0184491;0.0270648381092793
[8 1 4 2];0.029062;0.017181264357645887
[ 4  4 32  1];0.00961494;0.05193187942534272
[ 4 16  2  5];0.0408709;0.012217051857480623
[ 1 32  8  4];0.00216198;0.23095583898181518
[ 4  2 64  3];0.035403;0.01410394330316371
[32 16  2  4];0.00785708;0.06355056901061269
[ 1 64  8  4];0.00184989;0.2699197815880429
[1 2 8 0];0.0443411;0.01126092732841325
[ 8  1 64  1];0.045732;0.010918435772804705
[ 4  8 16  3];0.0291669;0.017119471207495646
[32 32  8  4];0.007303;0.0683721627772018
[32 32  1  2];0.0638559;0.007819510879369093
[ 8 32  1  3];0.041162;0.012130652173410058
[ 8  4 64  4];0.00820899;0.06082622889806234
[ 2 16  2  2];0.0280221;0.01781886099763775
[16  8  4  0];0.031677;0.015762916461846285
[16  4  1  1];0.00860691;0.0580140729671746
[ 4 32  4  0];0.0305421;0.016348643503947168
[ 8 32  2  3];0.033103;0.015083886800649631
[8 4 4 3];0.0304072;0.01642117343135523
[32  1  4  4];0.0602829;0.008282977507085837
[ 2  1 32  1];0.039891;0.012517156871522517
[16  8  4  3];0.0399108;0.012510947030926584
[4 4 8 0];0.0288939;0.017281222152838654
[ 8  1 32  5];0.0319669;0.01561996642658202
[ 1  8 16  3];0.033618;0.014852814110354714
[ 4 32  2  5];0.0407891;0.012241552394191212
[4 4 8 4];0.0143609;0.0347695412377988
[128  64   1   1];0.0039649;0.125935560735934
[  1   4 256   2];0.060328;0.008276785319617836
[1 8 1 0];0.0343721;0.014526953685166304
[1 1 4 4];0.061723;0.008089721898836815
[ 8  2 32  0];0.0402081;0.012418440681402623
[  4 256   1   5];0.043323;0.011525561589961562
[ 4 16 16  5];0.0400798;0.012458193522969296
[ 4  8 16  4];0.00500488;0.09976700835222918
[128  32   2   1];0.00292206;0.17088009991646466
[32  1 32  5];0.0642951;0.0077660957796458025
[ 2  4 16  3];0.0292561;0.01706727502168453
[ 8 32  8  1];0.00169802;0.2940612623890795
[16 32 16  1];0.0016799;0.29723311194827357
[128  16   1   1];0.00905395;0.05514962030516016
[64  2  4  2];0.0401158;0.012447013514921921
[64  8  2  5];0.129242;0.0038634647000348557
[ 1 64 16  5];0.040097;0.012452849459109279
[  2 128   8   1];0.00191593;0.26061594356886986
[64  1  1  2];0.130581;0.0038238480694887064
[ 4  4 64  3];0.0550761;0.009066035989510963
[  2   2 256   0];0.060776;0.008215774397161788
[ 1  8 32  1];0.00792098;0.06303789490213393
[16 64  1  0];0.041373;0.01206878652169059
[128   2   4   2];0.0456522;0.010937521187629617
[ 4  1 16  0];0.032517;0.015355718693665
[  2 128  64   4];0.00194311;0.2569704776167612
[ 4 16 16  2];0.031775;0.015714300700610695
[32  8  8  4];0.00782895;0.0637789109346598
[ 2  1 32  5];0.040606;0.012296751828840682
[ 8  2 64  3];0.0321529;0.015529607119790277
[ 1  8 32  2];0.0415649;0.0120130664277288
[4 2 2 3];0.0319381;0.0156340516424554
[  4   2 256   1];0.0347791;0.014356953019540607
[  2 256   1   5];0.040539;0.012317075032978238
[64  1  8  2];0.06112;0.008169533782099227
[  1  64 256   4];0.00221586;0.22534000557882933
[2 4 4 2];0.0282099;0.017700236610619136
[4 1 1 2];0.0264828;0.018854573714331746
[  2   4 256   4];0.0101609;0.04914150368194793
[  2 256   2   5];0.0405052;0.012327353148778546
[16  8  4  1];0.00375891;0.13283688749182737
[2 2 1 2];0.026299;0.018986345669489518
[16  8 64  1];0.00604296;0.0826286959969791
[8 4 2 3];0.0285161;0.017510175120788073
[16  1 16  4];0.0341501;0.014621389242254187
[  1   1 128   1];0.0618949;0.00806725440645198
[64  2  4  0];0.0334132;0.014943851674245652
[8 1 2 4];0.0324411;0.015391645312948845
[ 1 64  2  2];0.032537;0.015346279766478309
[ 16 256   1   4];0.00724387;0.06893026859426035
[ 1 64 16  0];0.0319948;0.015606345554962207
[8 4 1 0];0.034436;0.01449999723434501
[ 2  8 16  1];0.00436401;0.1144181394547457
[128   1   2   0];0.0594559;0.00839818932623852
[64  1  8  5];0.160745;0.0031062982037506908
[  4 128   2   5];0.0406098;0.012295601179072656
[32  4  1  2];0.0605321;0.008248877946773774
[ 8  8 16  0];0.03228;0.015468460494482798
[ 4  1 32  0];0.0421462;0.011847376626170443
[ 2  2 64  4];0.020154;0.02477532523379502
[  1   8 256   1];0.00786281;0.06350425671762447
[  1 128  32   4];0.00215602;0.23159428241013758
[16 32  2  1];0.00196218;0.25447303752046435
[ 4  8 64  1];0.00604701;0.0825733552221519
[1 1 2 1];0.0617239;0.008089603942101922
[ 2  4 16  4];0.0102;0.0489531279178338
[64  8 16  4];0.022675;0.02202081167637948
[4 1 2 1];0.0166819;0.02993195647749386
[16  8  1  4];0.00457788;0.1090727377654951
[128   2   1   5];0.160513;0.0031107879409263102
[16  1 32  5];0.04972;0.010042677086924875
[ 1 64 16  2];0.03229;0.015463670014304886
[16  1  4  3];0.0333772;0.014959969822570638
[256   1   2   0];0.0620201;0.008050969036842971
[16  4  8  3];0.042321;0.011798442965948461
[ 2 32 64  4];0.00239992;0.20805772890842394
[ 2 64  1  2];0.0402889;0.0123935353102692
[128   8   2   1];0.00718093;0.06953443422535865
[ 4  8 64  4];0.00500703;0.0997241687710888
[32  8  4  3];0.0655909;0.00761267042778655
[256   2   1   2];0.158049;0.003159285441615605
[ 2 16  2  1];0.00221086;0.22584962628203722
[ 2 32  1  2];0.0396011;0.012608788765006648
[ 8 16 64  1];0.00311899;0.16009089633564225
[256   1   4   3];0.166952;0.0029908111598657386
[16 16  2  0];0.035331;0.01413268531210282
[64  4  1  3];0.154299;0.003236067017685823
[  2   2 128   3];0.0365109;0.013675968129021875
[  4 256   2   4];0.00224113;0.22279917040149602
[64  1  8  1];0.032572;0.015329789535856097
[16  4 16  1];0.00760818;0.06562961243844188
[16 32  1  5];0.0474651;0.01051976936237161
[ 4 64  4  1];0.00216293;0.2308543987840128
[32 64  4  1];0.001858;0.2687416064380542
[  8   1 128   1];0.0532792;0.0093717980893464
[32  2  4  0];0.0327151;0.015262735090582171
[32  4  4  1];0.00941706;0.0530231202479229
[ 8 16  8  3];0.030524;0.01635833785748607
[ 2  4 32  0];0.0417428;0.011961868987272173
[32  1 16  4];0.0600982;0.008308433609690554
[  8   2 128   1];0.026469;0.01886440382190127
[  4   4 128   4];0.009691;0.05152429107026156
[  1  16 128   4];0.00406003;0.12298478207350802
[  2  16 512   4];0.002846;0.1754469096141619
[32  1  2  5];0.0605919;0.00824073687674268
[4 1 1 0];0.035064;0.014240300729007095
[1 2 1 0];0.0396609;0.012589777457443094
[128   1   1   5];0.157632;0.003167643021479806
[ 1  4 32  5];0.0380259;0.013131100243831304
[ 1 64 32  4];0.00243115;0.20538506664002829
[ 4  1 64  2];0.047673;0.010473893079141334
[ 4 64 64  1];0.00223494;0.22341624596718695
[ 2 16  1  4];0.00223398;0.22351225380795925
[  8 128   2   1];0.00268006;0.18630997244908873
[2 8 1 3];0.028152;0.017736640549939783
[  4 128   1   2];0.0430031;0.011611300226307051
[ 1 32 64  1];0.00227809;0.21918445046591872
[ 2  8 32  3];0.029762;0.016777162313080598
[ 2 32 32  1];0.00196815;0.2537011430845742
[64  4 16  4];0.0444729;0.011227554415428378
[16 64  4  1];0.00234699;0.21274990722666254
[8 4 2 0];0.02811;0.017763141400281207
[ 8 32  1  0];0.0405688;0.012308027468446312
[  1   2 512   1];0.031508;0.015847464287225617
[ 4 32  1  5];0.0403931;0.01236156434544278
[16  4  2  1];0.00752711;0.06633646974229217
[256   8   2   1];0.00740099;0.06746690709782134
[ 8 64  1  4];0.00208712;0.2392396722574192
[8 1 2 2];0.031157;0.01602599431145183
[64  1 16  1];0.0321469;0.015532505615219657
[128   1   1   0];0.160472;0.0031115827356916143
[ 64 256   1   4];0.00357699;0.13959275948825822
[128   4   4   4];0.0368772;0.013540125192853709
[64  4  2  0];0.0411181;0.012143603541065973
[ 2 16  8  2];0.028141;0.017743573602995798
[ 4 16 32  1];0.00271702;0.18377557204654538
[4 4 1 4];0.00758696;0.06581317217461338
[ 4 16  8  0];0.0294421;0.016959452782305092
[ 16 256   4   4];0.00619888;0.08055034212017409
[1 1 2 4];0.0617239;0.008089603942101922
[32  8  4  0];0.0315509;0.015825916368848583
[4 2 8 1];0.014127;0.0353452187132374
[ 2  1 32  2];0.0412049;0.012118022486692233
[4 4 2 0];0.0265701;0.018792624219024574
[4 8 8 4];0.0049901;0.10006250471171015
[ 4  2 16  4];0.0192299;0.025965912706873397
[ 2  1 16  5];0.0402372;0.012409459524069884
[ 2  8 32  1];0.00519109;0.09618825810415631
[  4   1 256   5];0.0379329;0.013163293730822184
[64  4  4  4];0.052675;0.009479295771464733
[32  4  2  0];0.039305;0.012703775722221212
[ 1  8 64  5];0.03216;0.015526178630656242
[8 8 2 0];0.033576;0.014871393398913055
[ 4  4 16  3];0.0284381;0.017558202016376086
[2 4 8 0];0.0273561;0.01825267142472446
[2 2 2 2];0.036257;0.01377173800264514
[  1   2 512   5];0.035619;0.01401841446312094
[ 4 32 16  4];0.00234413;0.21300947676191373
[16 32  2  5];0.047724;0.010462700208739937
[  2   4 128   0];0.055603;0.008980125258743319
[32  2 16  1];0.015836;0.03153080984856686
[4 1 4 5];0.0382459;0.013055566864994804
[4 4 4 0];0.0268981;0.018563463767400104
[  1   8 128   2];0.0551898;0.0090473584749701
[4 1 2 0];0.036299;0.013755803321356093
[  2  32 128   1];0.00251913;0.19821204334905493
[  2   1 128   5];0.040386;0.012363737551673967
[ 1  4 64  2];0.048238;0.010351214908617786
[ 2 64  2  0];0.0323679;0.015426453516042276
[  4 256   1   1];0.00472999;0.10556510790972175
[  2   2 256   2];0.060746;0.008219831836860118
[32  1 16  1];0.030694;0.016267736520554663
[  8 256   4   1];0.00226712;0.22024502662492712
[  4   2 128   3];0.035645;0.01400818922042095
[  4 256  16   4];0.00403786;0.12366003396895998
[ 1 32  4  0];0.029072;0.017175354456587258
[32 32  1  0];0.0429449;0.011627036150087781
[16 16  4  1];0.00202417;0.24667982667557803
[16  8  2  5];0.0473619;0.010542691588848943
[ 2 64  4  0];0.0321641;0.015524199488308542
[ 2 64  8  3];0.029377;0.01699703525757922
[ 4 32  2  1];0.0011301;0.44183869105557455
[ 8  4 32  5];0.042356;0.011788693567898405
[4 2 1 3];0.0310299;0.01609163757414316
[ 2  4 32  3];0.0306311;0.016301141805612752
[  1  16 512   4];0.0042069;0.11869117515555509
[ 2 16 32  2];0.040092;0.012454402493312998
[  4 128  32   4];0.00192308;0.2596469750410304
[  1   8 256   4];0.00788283;0.06334297514495489
[1 8 4 1];0.00789094;0.06327787370857017
[ 1 16  2  3];0.0266259;0.01875324044490157
[2 4 4 0];0.0282011;0.017705759873263976
[64  2  4  5];0.154085;0.003240561409364343
[ 4 16  1  1];0.00166297;0.3002591175799352
[ 4 16  1  5];0.03986;0.012526891740138104
[32 16  2  0];0.0336821;0.014824547898198294
[  2   8 256   4];0.00519609;0.09609569979771419
[8 8 8 2];0.0301819;0.016543753201816478
[64  1  2  1];0.0559499;0.008924446777597543
[16  4 32  1];0.00952005;0.05244950444187843
[32  2  4  3];0.061579;0.008108639386185303
[16 32  2  3];0.0398719;0.012523153016583227
[256  32   1   4];0.00483489;0.10327471871374629
[ 1 64  2  1];0.0018189;0.2745186127670047
[ 1  4 16  1];0.0156319;0.03194249609848481
[ 4 32  4  5];0.0407081;0.01226591034123196
[  1 256   1   1];0.00227714;0.21927589202328568
[32  1 16  5];0.0611351;0.008167515956658364
[4 2 4 1];0.0181479;0.027514032188953253
[8 8 1 1];0.00285006;0.17519697998003717
[ 2 64 16  1];0.00176501;0.2829003262088627
[64  8  1  5];0.154033;0.003241655390480642
[16  4 16  2];0.0324681;0.015378845844441305
[ 4 64 32  1];0.00155187;0.32175498254486834
[  2 256   8   4];0.00217009;0.23009271724301977
[  8   1 128   4];0.0532598;0.009375211787537781
[1 2 4 2];0.0393751;0.012681159025930214
[ 1  8 64  0];0.0474129;0.010531351272795057
[ 1 16  1  2];0.02807;0.017788454034980576
[64  2  8  3];0.164039;0.003043921901266801
[256   2   1   0];0.068423;0.007297573984799041
[ 1 16  1  3];0.0279229;0.017882164988661808
[ 4 16  4  2];0.0290592;0.017182919858836607
[ 2 16 32  1];0.00288916;0.17282597874880753
[  2   1 512   3];0.041023;0.012171754985298608
[  4   8 128   4];0.00496984;0.10047041851687474
[ 1  1 32  4];0.0619788;0.00805633385547808
[8 2 1 4];0.00945711;0.052798572160195324
[ 2 16  2  0];0.0278809;0.01790910281812656
[64  8  2  2];0.0593438;0.008414053443862791
[256   1   1   4];0.151706;0.0032913787507541214
[64  8 16  1];0.00441694;0.11304702005503918
[128  16   4   4];0.00933504;0.05348899466546526
[4 2 2 0];0.0312788;0.01596358890884256
[ 8 32  4  3];0.0312102;0.01599867686723907
[ 4 16  4  4];0.00262189;0.1904434986829748
[ 1 64 16  4];0.00244784;0.2039846986575531
[ 2 16 16  3];0.028559;0.017483872151052373
[ 4 64 16  1];0.00150609;0.3315352367799433
[  2 256   2   0];0.033468;0.0149193828361989
[4 4 8 5];0.03071;0.016259260982152548
[ 2 16  2  4];0.00218916;0.2280883556989461
[ 8  4 32  0];0.0399351;0.012503334278915158
[1 1 8 4];0.0617771;0.00808263749450694
[64  1  1  0];0.160581;0.0031094706395022125
[64  1  4  0];0.039983;0.012488355169994868
[ 4  1 64  1];0.0463021;0.010784001260459131
[ 1 32  4  1];0.00219417;0.22756755618840144
[32 16  1  1];0.00430989;0.11585490691453952
[  2   1 512   0];0.0710599;0.007026774661404038
[ 1 16 16  2];0.0326161;0.015309062234966926
[64  4  4  5];0.156344;0.003193738837191736
[ 8 16 16  4];0.00344706;0.14485442805228363
[ 1  2 32  0];0.040482;0.012334417883550833
[256  16   4   1];0.00341702;0.14612788475393904
[4 1 4 3];0.0380921;0.013108279794548077
[2 8 8 4];0.00522494;0.09556509830962744
[16  8  8  4];0.00727391;0.06864559841431978
[ 2  8 16  4];0.00524688;0.0951654897314032
[4 2 1 5];0.036478;0.013688302669058194
[16 16  2  3];0.0394509;0.012656793755323827
[16  1 64  3];0.048748;0.010242920832893755
[32 32  4  4];0.00592899;0.08421702596258465
[16 32 32  1];0.00262189;0.1904434986829748
[32  4 16  1];0.0080781;0.061811800393892724
[2 4 1 4];0.00820923;0.060824450619839474
[ 4  1 64  4];0.0381629;0.01308396124932604
[ 4  4 64  1];0.0114431;0.0436351954244833
[64  8  1  1];0.0203571;0.024528145205451896
[ 16 256   1   1];0.00565505;0.08829663836074036
[ 4 16  4  1];0.00255108;0.19572961442287376
[32  2  2  2];0.0456681;0.010933713133717075
[ 1  4 32  3];0.0421052;0.011858913026464777
[ 4  8 16  5];0.0424998;0.011748805988778884
[16  1  4  1];0.026768;0.01865368741638915
[  2 128   4   2];0.0307472;0.016239589450808684
[16  1  2  4];0.0342419;0.014582190379678254
[1 8 8 2];0.0271671;0.018379654242149688
[ 4  1 32  4];0.0381939;0.013073341679218533
[  2 128   4   3];0.030472;0.016386253109802597
[  2 256   2   1];0.00217605;0.22946251453868466
[ 8  1 32  2];0.0410779;0.012155487616501934
[ 4  2 32  5];0.0331159;0.015078011008666677
[16  2  8  1];0.0142491;0.03504234686835693
[8 4 8 5];0.0422289;0.011824175026152819
[ 1 16  4  4];0.0040679;0.12274684843823712
[16 32 32  4];0.0028429;0.17563822320936534
[ 4 16  4  5];0.0405738;0.012306510722730056
[ 4  1 32  2];0.0424139;0.011772600604092168
[  8   1 128   3];0.0321641;0.015524199488308542
[128   4   1   2];0.159647;0.0031276623097327527
[ 2  2 64  1];0.0239329;0.020863409982154472
[ 1 16  8  2];0.0290201;0.01720607112869717
[64 16  8  4];0.0120521;0.041430282254702896
[ 4  8 16  2];0.0319211;0.015642377761477668
[ 1  1 32  2];0.0627081;0.007962638076451124
[ 4 16 64  1];0.00307894;0.16217331444000363
[ 1 16  2  5];0.030051;0.01661581660383697
[  1 256  16   4];0.00216103;0.23105736836689209
[ 2 32 16  3];0.0290351;0.01719718219540848
[256   8   1   1];0.015398;0.03242771170034451
[1 4 1 4];0.0157561;0.0316907042200738
[ 2  4 16  2];0.033371;0.014962749236220214
[ 2 16  1  1];0.002244;0.22251421780833547
[32 32 16  4];0.00570798;0.08747786515753468
[32  1  2  2];0.0409598;0.01219053571457636
[ 2 16 32  0];0.040035;0.01247213450135893
[  2   1 512   1];0.064853;0.007699287693119899
[256   4   2   1];0.014818;0.03369698371992879
[ 32 256   1   1];0.0101502;0.04919330700497574
[ 1 64 64  1];0.00220799;0.2261431912109678
[ 8 32  4  0];0.031297;0.01595430567664328
[2 1 8 4];0.040411;0.012356088806560212
[16  8  8  5];0.0469069;0.01064495638726722
[ 2  1 64  4];0.040168;0.012430838099031685
[2 8 4 1];0.0041678;0.119804670272543
[64 16  1  3];0.156315;0.003194331348635158
[ 4  4 16  1];0.0078361;0.06372071626981594
[256   4   4   4];0.0388911;0.012838976134948736
[ 4 64  1  4];0.00197291;0.2530890434748188
[ 2 32  4  1];0.00133204;0.3748550379582481
[ 1 16 32  1];0.00407696;0.1224740749877126
[ 8 16  4  5];0.0414441;0.012048081747749495
[2 8 2 2];0.0266111;0.018763670226405703
[  1   2 128   4];0.030983;0.016115996022396308
[16 64  1  1];0.00417399;0.11962700072638047
[ 16 128   8   4];0.00430608;0.11595741480927078
[ 8 64  2  1];0.00221705;0.2252190544921877
[ 1  4 16  0];0.031564;0.015819348142247648
[2 2 4 5];0.038517;0.01296367590315717
[ 8  2 16  1];0.015516;0.03218109723910188
[8 4 1 2];0.0344021;0.014514285603550505
[ 4 64 64  4];0.00215983;0.23118574367515254
[64  8  2  1];0.00709987;0.07032831654127537
[ 8  2 64  2];0.0490382;0.010182304912535632
[4 2 4 3];0.0288441;0.017311058579116866
[ 4  4 16  4];0.00987005;0.050589602358843654
[4 4 1 2];0.0281382;0.017745339245648434
[16 16  2  1];0.00218987;0.22801440485595253
[16  1 32  0];0.040555;0.012312215627219942
[ 1 16  2  4];0.00411701;0.12128265531584931
[1 4 2 0];0.0362232;0.013784588461591047
[ 2 16  8  0];0.0277898;0.017967812102350676
[ 8 16  8  4];0.00230002;0.2170945925521973
[  2 256   8   1];0.00196981;0.25348734383615923
[ 2  1 32  3];0.040669;0.012277703035774296
[16  2  2  2];0.030297;0.01648090255675165
[32 16  2  2];0.0464649;0.010746217139430081
[  2   1 512   4];0.037961;0.013153549821182392
[8 2 1 1];0.00960398;0.05199114375101831
[32  1  8  1];0.031517;0.015842938882568287
[128   2   1   1];0.080476;0.006204606401435269
[1 8 8 4];0.00784016;0.06368771871516714
[  2   2 128   0];0.055855;0.008939609788951836
[1 8 4 0];0.0282118;0.017699044540295365
[16  2  2  3];0.0354302;0.014093115612158688
[128   1   4   3];0.157419;0.0031719290858276622
[ 1 16 16  0];0.032768;0.01523809523809524
[16  2  1  2];0.0399292;0.012505181790817367
[32  1  1  0];0.0618081;0.008078583628390208
[ 1  4 64  0];0.0481222;0.010376123800697076
[2 2 1 3];0.0263;0.018985623755205506
[ 1  1 32  0];0.062799;0.00795111235468566
[ 4 64  4  0];0.031424;0.015889826398991367
[64 32  4  4];0.00805998;0.06195076225522952
[64 16  1  5];0.15648;0.0031909630928035836
[16  8  2  3];0.0401101;0.012448782345641242
[8 2 2 5];0.030175;0.016547536197577623
[  1 256   2   3];0.0324099;0.015406462369890213
[2 2 8 5];0.0381808;0.013077827200108557
[ 8  1 64  0];0.0477681;0.01045304093656446
[128   2   4   3];0.16605;0.003007057541474886
[16  1 32  3];0.0501311;0.009960322130611632
[  8 128  16   1];0.00168991;0.2954724836008455
[  1 128   1   4];0.00180197;0.2770977900641547
[  2   2 128   5];0.0380731;0.013114821350557344
[ 2  8 32  4];0.00516105;0.0967481238821373
[2 8 1 5];0.0301042;0.016586453211243107
[  2 128   1   1];0.00197887;0.2523267848630303
[32 64  8  1];0.00155997;0.32008429954544304
[ 1 64  4  1];0.00226617;0.22033735543313376
[1 4 8 2];0.0301139;0.016581110542370957
[4 4 2 1];0.004673;0.10685253686323663
[ 2 32  4  4];0.00131202;0.3805749186459847
[ 8  8 16  4];0.00426197;0.11715753624776916
[  2 256   2   3];0.033323;0.014984302276562878
[16  8  2  4];0.00479102;0.10422037577841561
[64  1  4  1];0.039784;0.012550822058161692
[ 4  2 16  1];0.015353;0.03252275807737281
[4 4 4 1];0.00917697;0.054410323316073254
[256   8   2   4];0.015861;0.031481111201179295
[ 4 64  4  2];0.0311379;0.01603582466261067
[ 1  2 16  1];0.031034;0.01608951165695382
[ 2  4 16  5];0.0315351;0.015833845612092706
[32  1  1  2];0.0590229;0.008459799582228334
[ 1 64  4  5];0.0403581;0.012372284739913543
[64  8  1  4];0.020314;0.024580186312981433
[16  2  8  4];0.018101;0.02758532151604358
[ 4 32  8  5];0.0406179;0.012293149196829594
[256   8   4   1];0.00839996;0.05944336696387897
[64 16 16  4];0.011483;0.043483576135322194
[16  4  4  0];0.0292981;0.01704280839924448
[2 1 8 1];0.0399289;0.012505275746687356
[2 2 8 4];0.020201;0.024717682528681985
[1 4 4 3];0.0361168;0.013825197823780203
[8 8 4 3];0.0296681;0.016830262293908434
[ 1 32 16  3];0.0321579;0.015527192533153742
[ 2 32  1  5];0.0395541;0.01262377110746812
[ 1  2 32  4];0.0310919;0.01605954942483106
[ 2 64  2  5];0.04059;0.01230159903330635
[ 2 64  8  1];0.00220799;0.2261431912109678
[1 2 1 3];0.040077;0.012459063920999694
[64  2  4  4];0.104051;0.004798818894214421
[32  2  4  2];0.0376031;0.013278743102614007
[8 4 4 4];0.00825906;0.06045747394520742
[128   4   1   4];0.0397491;0.012561841771559727
[8 8 4 2];0.029438;0.016961814823082573
[64  1  8  0];0.033608;0.014857233538499904
[64  1 16  4];0.177492;0.002813207946059004
[16  4  2  4];0.00921798;0.054168256468543514
[4 8 8 0];0.0279131;0.01788844323138257
[16  4  1  4];0.00875401;0.05703922028440735
[32  1 32  1];0.038449;0.012986603156438525
[2 8 2 0];0.0265398;0.01881407941137103
[  1   4 128   5];0.038151;0.013088042377969249
[4 4 1 5];0.0281551;0.017734687668021238
[128   4   2   1];0.014123;0.03535522939615555
[2 2 8 0];0.030225;0.016520162275000985
[ 8  8 16  3];0.030241;0.016511421737439396
[1 4 8 4];0.015491;0.032233032390543204
[  1  32 256   1];0.00230598;0.21653349324881602
[1 4 8 3];0.030086;0.016596486896294116
[ 2 64  8  5];0.0405509;0.012313460484524506
[ 8  8 16  1];0.0039928;0.125055576227686
[8 8 8 0];0.029609;0.016863855745276934
[128   1   4   1];0.0454569;0.010984512906993323
[  1   1 512   5];0.0628619;0.007943156423237363
[64  4  4  3];0.160449;0.0031120287740148255
[  1 256   8   4];0.00163507;0.30538258592103384
[ 8  4 16  0];0.0319479;0.015629255906081614
[ 1 64  8  1];0.00174499;0.28614599783489003
[1 2 2 2];0.0322959;0.015460845022492165
[2 8 8 3];0.0283999;0.01758181911774002
[  2   8 256   1];0.00754094;0.06621480939536778
[ 2 64  1  5];0.040303;0.012389199433340069
[ 8 16  4  3];0.0304091;0.016420147415145622
[ 2 16  4  5];0.040314;0.012385818940365747
[8 8 4 4];0.00430703;0.115931838125554
[64  4  1  1];0.0405309;0.012319536569923312
[16  8  8  3];0.0428431;0.01165466328911551
[8 1 8 3];0.033263;0.015011331051375545
[32  2  2  4];0.038991;0.012806081012590209
[64  8  2  3];0.16122;0.0030971461652518593
[  8   2 128   4];0.016289;0.030653932393756814
[ 2  2 16  3];0.0341289;0.01463047167538083
[1 8 1 2];0.0313261;0.01593948511822106
[ 8 32 32  4];0.00190592;0.26198471329431705
[64 16  1  2];0.156617;0.0031881718125229366
[ 2 32  1  4];0.00221491;0.22543665646094188
[32  2  1  5];0.0597482;0.008357103724662914
[ 1  2 16  2];0.034759;0.014365255178857412
[8 1 2 3];0.03229;0.015463670014304886
[  2 128   4   4];0.00109386;0.45647697581217406
[  2   4 128   5];0.032207;0.015503521121554469
[ 8 64  1  5];0.0416901;0.011976989855191154
[8 1 1 4];0.0184901;0.027004824460760343
[  4   8 256   4];0.00721097;0.06924476246079304
[32  4  1  4];0.015543;0.0321251949277427
[16  2  4  1];0.013473;0.03706092961937985
[16  2  4  0];0.0303838;0.0164338201529073
[  1 128   1   1];0.00177383;0.28149366329462505
[ 2  1 16  2];0.0355611;0.014041239015719558
[1 2 4 1];0.0309069;0.016155677365310164
[8 1 4 1];0.0586159;0.00851854027255241
[ 2  2 32  0];0.0421479;0.011846898772226012
[  2  16 512   1];0.00420499;0.11874508732765233
[1 4 2 1];0.015552;0.03210660395845581
[  4 128   2   3];0.0340831;0.01465013172985746
[ 2 64  2  2];0.0332599;0.015012730187460117
[ 4 64  1  2];0.0405002;0.012328875036713517
[ 2 64  2  4];0.00187802;0.2658767770108437
[16  2  2  4];0.017745;0.028138737940935743
[ 4  2 64  4];0.0191391;0.02608910057222674
[4 8 1 1];0.00327301;0.15255740274606702
[ 1  2 64  0];0.0681469;0.007327140409349579
[  2   2 256   3];0.037688;0.013248829992621121
[ 4 32  1  0];0.0405021;0.012328296675034251
[ 1  4 32  0];0.0421679;0.011841279854152205
[16  4 64  1];0.011642;0.04288970149131634
[64 64  4  4];0.00693607;0.07198916746254072
[ 2 16 16  5];0.040087;0.012455955914932641
[1 2 8 3];0.0385609;0.012948917290880263
[  1   4 128   0];0.0556159;0.008978042336128783
[32  4  4  2];0.038393;0.013005545405722524
[ 8 32 64  1];0.00230193;0.2169144608054566
[ 1 16  4  1];0.00407195;0.1226247632613133
[  4   1 128   2];0.0556319;0.008975460208296046
[32 16  2  5];0.0645552;0.007734805325704279
[1 8 1 3];0.031502;0.015850482660209025
[ 1 16 16  4];0.00411201;0.12143012900306778
[ 32 256   2   1];0.00421906;0.11834908836610637
[256   2   1   4];0.0781291;0.006390984982060522
[ 2 64  2  1];0.00225711;0.22122178571797774
[128   2   2   0];0.0494802;0.010091347746409771
[16 16  4  3];0.04076;0.012250292069722885
[  4 256  16   1];0.00212598;0.23486669901029397
[ 1  4 32  4];0.0156109;0.031985465588909336
[ 1  2 64  3];0.0504031;0.009906571317278198
[ 32 256   1   4];0.010339;0.048294990304855866
[4 8 2 2];0.0279999;0.017832988859313954
[ 1 16 32  3];0.0400999;0.012451948876727991
[ 1  1 16  1];0.06198;0.008056177876119792
[ 4 64  2  5];0.0407369;0.012257238640198561
[ 1  8 64  4];0.00788999;0.06328549272710166
[16  2  1  3];0.0408981;0.012208926692484608
[128   2   2   3];0.159571;0.0031291519434101735
[ 8 16 16  1];0.00222397;0.22451827352073309
[4 2 8 5];0.0325019;0.015362852779742255
[2 8 2 1];0.00420403;0.11877220304372346
[2 4 8 4];0.0101891;0.04900549653668183
[ 1 64  2  0];0.0324991;0.015364176385250814
[  2   8 512   1];0.00822186;0.06073101521576685
[ 1 32  1  4];0.0021739;0.22968945432720217
[1 8 1 4];0.00788903;0.0632931938098733
[ 4  4 64  4];0.00967598;0.05160427210080062
[16 32  1  4];0.00284481;0.17552030004179708
[ 4  2 64  0];0.0473039;0.010555618136388431
[ 4  1 16  3];0.0382271;0.013061987562799814
[1 2 1 1];0.0308881;0.01616551049633693
[32  8  1  2];0.061157;0.008164591212157313
[ 4 32  4  3];0.0297148;0.016803811728899564
[ 4 16  1  2];0.0397792;0.012552336516619357
[  2 128  16   1];0.00187802;0.2658767770108437
[128   8   4   4];0.0170639;0.029261886483271982
[32 32  4  1];0.00198293;0.25181015202851575
[8 8 8 3];0.0505621;0.009875418638899586
[ 2  8 64  1];0.00594497;0.08399065172101874
[  1 128   2   1];0.00175691;0.2842046005554666
[32  8  1  1];0.00789595;0.0632377237396266
[  1   8 512   4];0.00810003;0.06164445128745261
[  1   1 128   2];0.063684;0.007840617812353255
[  4 128   1   5];0.0405469;0.012314675222073817
[ 4  1 64  0];0.0482469;0.010349305442668953
[2 1 2 4];0.0319011;0.01565218455670509
[2 1 4 3];0.040391;0.012362207045180974
[ 8 32 16  4];0.00188899;0.26433274118015704
[64  1  2  4];0.189375;0.0026366833254754048
[ 32 128   2   1];0.00453901;0.11000678666975945
[32  8 16  1];0.00417209;0.11968147972884209
[  1 256   1   4];0.00223804;0.22310678306102874
[64  2 16  4];0.088568;0.00563772361080644
[1 2 2 4];0.0309112;0.01615342997883954
[  2   8 512   4];0.00521994;0.09565663681228227
[128   2   8   4];0.0624671;0.007993358179936395
[32  8  2  3];0.059684;0.008366093170060733
[64 64  2  4];0.00543284;0.09190808210105668
[ 1 16  1  1];0.00415921;0.12005210238528585
[32  4 32  4];0.0168531;0.029627896633966734
[32 16  1  5];0.0600221;0.008318967592968336
[ 2  1 64  1];0.0476151;0.010486629341572417
[  1 256   1   3];0.040273;0.012398428345588974
[ 1  4 64  5];0.0380392;0.013126509094878567
[4 1 4 0];0.036284;0.01376149004414907
[1 8 2 0];0.0339129;0.014723656919989288
[1 4 4 4];0.015574;0.03206124982418806
[ 8  1 32  3];0.0327771;0.01523386464214054
[128   2   4   0];0.0386422;0.012921673837460205
[ 8 32  1  4];0.00214982;0.23226219160762515
[128   1   4   2];0.048166;0.010366688219115242
[256   4   4   1];0.0169291;0.029494887782688082
[  1  16 128   1];0.00406504;0.12283320822474189
[ 8 32  8  4];0.00200796;0.24867124084239964
[  1   2 128   0];0.081265;0.0061443660218040335
[16 16  2  4];0.00397706;0.12555050835589726
[  4 128   2   4];0.00193;0.25871601283000245
[ 1 32  2  0];0.0279629;0.017856585145385663
[16  1 64  0];0.061759;0.008085006311013856
[  4   1 128   4];0.0381622;0.013084201245261143
[  8 256   2   1];0.0030911;0.16153534494578137
[ 16 128   2   4];0.00495887;0.10069267892925299
[ 1 16 32  2];0.0402112;0.012417483307185678
[  1  32 128   4];0.00234509;0.21292227793470814
[ 2  8 64  0];0.0470212;0.010619080430995057
[  1 256   1   5];0.0402451;0.012407023582048617
[64  4  4  0];0.0318959;0.015654736337958948
[2 8 4 2];0.0268481;0.018598035047616212
[8 8 1 0];0.0395241;0.012633352935598908
[64 16  1  1];0.010216;0.04887645896259835
[64 32  1  4];0.00541592;0.0921952142501929
[ 2  1 16  1];0.032753;0.015245073879092139
[ 1 32  8  3];0.0278969;0.017898831223609246
[  1 128   8   1];0.00170708;0.2925005885851306
[32  2  1  1];0.029458;0.016950298892046464
[64  2  2  2];0.06252;0.007986594765865399
[16  2 32  5];0.0477729;0.010451990663365732
[  1   8 128   4];0.00785995;0.06352736401146379
[ 1 32 64  4];0.00233912;0.21346570708723997
[ 2 32  1  3];0.0395279;0.012632138432901945
[  2   4 512   4];0.00989699;0.05045189545123364
[ 2 16 32  4];0.00285006;0.17519697998003717
[32  4  8  0];0.0315008;0.015851086472784968
[  2 256   1   4];0.00400996;0.12452042034382009
[ 8  1 64  2];0.047302;0.010556042128491497
[32  2 32  4];0.032083;0.015563441846520112
[  4   1 256   0];0.0742431;0.006725499134086598
[  1   4 512   4];0.015871;0.03146127558199892
[  2 128   2   3];0.0327871;0.015229218343857943
[ 8 32  4  5];0.041364;0.012071412454354143
[ 2  8 64  2];0.05321;0.009383986182332358
[ 1 16 16  3];0.0327699;0.015237211732776262
[  1  32 512   4];0.00464392;0.10752164222508243
[4 1 2 2];0.0362289;0.013782419691514364
[  8   1 128   0];0.055949;0.00892459033694802
[16 32  2  4];0.00292802;0.17053227258075587
[16  8  8  1];0.00388098;0.12865871629379816
[8 4 8 1];0.0145631;0.0342867867941513
[2 2 8 3];0.031698;0.015752473492393993
[1 2 2 0];0.032275;0.015470856847773967
[ 8 16  4  1];0.00211787;0.23576607854207518
[256   1   1   1];0.15815;0.003157267813859657
[  1   2 256   5];0.040951;0.012193155350587404
[ 2 16 64  1];0.00317597;0.15721870948463137
[2 2 2 0];0.0488701;0.010217329302823297
[16  2 64  1];0.024543;0.020344778745952197
[ 1 32 16  0];0.032196;0.015508818013476977
[16  4 16  4];0.00912309;0.05473166490321862
[32  8 32  4];0.00844193;0.05914783761081942
[8 2 2 2];0.042129;0.011852213552704901
[8 8 2 1];0.00417018;0.11973629549849282
[1 1 8 1];0.0622311;0.00802367152054045
[256   4   1   2];0.165851;0.0030106656261457863
[ 4 16  8  3];0.028969;0.01723642185653301
[16  2  1  0];0.0360188;0.013862813440811599
[4 8 1 5];0.0344319;0.01450172383057295
[  1 128 128   1];0.00234509;0.21292227793470814
[  2 256   2   2];0.0333099;0.014990195250117975
[2 8 2 4];0.00418782;0.11923194042769383
[2 8 4 0];0.0269489;0.018528470726519627
[32  2  1  4];0.0302911;0.016484112652294065
[  2   1 512   5];0.0409529;0.012192589652061386
[ 1 16  8  4];0.00402784;0.12396766126805055
[128  16   4   1];0.00312901;0.1595782387278739
[ 4  2 32  1];0.0191212;0.02611352345887835
[  4  32 128   4];0.00205493;0.24298730602108334
[4 2 1 0];0.031219;0.015994167166209834
[  8   1 128   2];0.055212;0.009043720654240106
[16  2  4  4];0.016809;0.029705628220709428
[2 1 1 2];0.032871;0.015190347259344249
[16  1 32  1];0.0367589;0.013583700947577453
[2 1 4 2];0.0634449;0.007870166156174961
[8 8 2 4];0.00437617;0.11410020743296187
[ 1 16  8  1];0.00402308;0.12411433646904978
[1 1 2 5];0.061888;0.00806815383857783
[8 4 2 2];0.028348;0.017614008210875713
[8 8 4 0];0.0289731;0.01723398272058926
[ 1  8 64  2];0.0481761;0.01036451486861545
[128  32   1   4];0.00477195;0.10463686852584474
[ 32 256   2   4];0.00990391;0.05041664400846784
[ 8 32 16  1];0.00166202;0.3004307437707758
[ 1 16  4  5];0.0292492;0.017071301258219193
[64  2  1  0];0.0608079;0.008211464378179559
[ 4 32  2  2];0.0326221;0.015306246524960218
[1 8 2 5];0.0322828;0.015467118860876528
[ 8  4 32  4];0.00813603;0.06137168923441835
[1 1 2 3];0.0618811;0.008069053471284523
[  2  16 256   4];0.00274396;0.18197127682688696
[4 4 1 0];0.028141;0.017743573602995798
[  1 256  16   1];0.00217199;0.2298914381566696
[ 4 32  1  3];0.0403969;0.012360401534818384
[256   1   4   0];0.0496049;0.01006597946497029
[  4 256   1   0];0.040405;0.012357923642170641
[16  8  1  1];0.00453806;0.11002981555155833
[ 1  8 16  2];0.033711;0.014811839006908866
[32  4  2  4];0.0199511;0.02502728695469948
[256  16   2   1];0.00383496;0.13020263699279908
[2 2 8 2];0.030148;0.016562355869772612
[64  2  2  0];0.0431669;0.011567240287393924
[  4 256   8   4];0.00251293;0.19870107991941868
[4 1 8 2];0.0301049;0.016586067542556353
[4 2 4 5];0.0322392;0.015488036451335788
[1 8 4 5];0.0322731;0.015471767656714253
[ 1 16  1  0];0.0280602;0.01779466663679891
[ 8 64 32  1];0.00158477;0.3150753136176888
[ 2 16  1  2];0.0344088;0.014511459416251213
[ 2 16  8  1];0.00260496;0.19168121766242277
[32  8  1  3];0.0611231;0.008169119445216371
[32  4  1  0];0.0504301;0.009901267393122457
[ 8  8 16  2];0.0319648;0.01562099261568678
[ 2 16  8  4];0.00275493;0.18124667587267362
[32  2  8  0];0.0305991;0.016318189252687326
[128   8   1   3];0.165677;0.003013827536483065
[ 1 32  1  2];0.0346689;0.014402588624441638
[16 32  1  0];0.0413349;0.012079910796007847
[  2  64 128   1];0.00242996;0.2054856478139166
[  8 128   1   1];0.00279903;0.17839105145779244
[ 1  1 64  4];0.0619562;0.008059272595186677
[4 4 1 3];0.027827;0.017943792171700317
[  2 256   1   0];0.040473;0.012337160693842926
[32 64  8  4];0.00728488;0.06854222784203787
[8 8 2 5];0.041904;0.011915853015509374
[64 64  1  4];0.00394797;0.1264756076570756
[ 1  8 16  0];0.05234;0.00953996761104136
[ 4 16  8  5];0.0403292;0.012381150748388381
[16  2  1  5];0.0399342;0.01250361606747862
[ 2  4 64  5];0.0324311;0.015396391265233211
[8 8 1 2];0.0402961;0.012391320866334578
[ 4 64 32  4];0.0018549;0.2691907406123806
[256   2   1   5];0.114551;0.004358948457559557
[  4   2 128   5];0.0321288;0.015541255968536167
[32  1  4  5];0.0630431;0.007920326011282832
[ 8 32  2  0];0.032702;0.01526884914567625
[16  1  2  5];0.0347149;0.014383504050477022
[ 1 16 32  0];0.0401089;0.01244915479511791
[1 2 8 4];0.030761;0.016232304046094236
[ 4 16 16  0];0.031805;0.01569947821920782
[ 4 32  2  3];0.032629;0.015303009738634491
[ 4 64  4  4];0.00208807;0.23913082643872322
[  4  16 256   1];0.00403214;0.12383545828317091
[32  4  4  5];0.061054;0.008178365131881691
[64  8  2  0];0.035135;0.014211524256778277
[ 2 64 32  4];0.00197506;0.25281353718970806
[16 16  1  5];0.0466089;0.010713016285771704
[ 2  2 32  2];0.042037;0.011878152693149006
[64  2  1  5];0.152377;0.003276884994204537
[4 2 1 2];0.0309448;0.01613589051349192
[ 4 16 32  4];0.00257707;0.19375566234596064
[16  4  2  0];0.0336459;0.014840497795033119
[  8 128   1   3];0.041966;0.01189824869565612
[ 2 32 16  1];0.00200415;0.24914397862530485
[  1  64 128   4];0.00217795;0.2292623360324639
[8 2 4 0];0.026767;0.01865438430761403
[256   1   1   2];0.155397;0.0032132017012034
[16  1  8  2];0.0295281;0.016910058715660835
[ 1 64 64  4];0.00219607;0.22737066885932813
[ 1 64  2  5];0.0410242;0.012171398948959512
[128   2   2   2];0.0596461;0.008371409107416993
[2 4 1 0];0.031312;0.015946662773438453
[16 64  2  1];0.00318098;0.15697109216716382
[64 32  2  4];0.00801587;0.06229166700082521
[  4   2 128   4];0.0192029;0.026002421757229627
[128   8   1   4];0.0199039;0.02508663652660558
[  4 128   1   1];0.00325203;0.15354160470902936
[  1  16 256   4];0.00405216;0.1232236399258432
[256   8   1   4];0.0147829;0.03377699265786177
[ 2  8 16  2];0.032891;0.01518111047891231
[  8 128   1   5];0.0417421;0.011962069583511726
[64 64  2  1];0.00226498;0.22045311868621564
[  2 256  16   1];0.00316286;0.1578703783164303
[2 1 4 1];0.0317118;0.015745618500429014
[ 1  1 64  5];0.06322;0.007898163631159518
[16 16  1  4];0.00253916;0.19664846042073159
[ 4 32 64  4];0.00255299;0.19558318080443116
[8 1 8 0];0.0286021;0.017457526012492258
[ 4  1 32  3];0.0380239;0.013131790919971513
[ 8  4 64  1];0.01141;0.04376177955844915
[ 2  1 16  0];0.039305;0.012703775722221212
[128   2   4   5];0.118386;0.0042177445370390485
[ 1  4 32  1];0.015635;0.031936162760595126
[ 1  1 32  3];0.0626738;0.00796699585411934
[ 4 64  4  3];0.0309589;0.01612854154255819
[32 64  4  4];0.00660181;0.07563409197809462
[  4   1 128   5];0.037998;0.013140741743299773
[ 2 32  4  3];0.0287428;0.017372068996823718
[128   1   8   1];0.038563;0.01294821214018372
[  1 128   2   3];0.0323431;0.015438282191932894
[1 8 2 1];0.00789595;0.0632377237396266
[256   1   4   5];0.161604;0.0030897867921703967
[8 1 1 5];0.0310192;0.016097188346633852
[1 2 2 3];0.032346;0.015436898063497953
[ 4  8 32  0];0.0399599;0.012495574432416117
[ 1 64  4  0];0.0287399;0.017373821925681883
[  4   2 128   0];0.055793;0.008949543934936367
[ 1 16  8  5];0.0380349;0.013127993100071374
[  4 128   8   4];0.00183702;0.27181081575698945
[256  32   2   4];0.00481987;0.10359655027249796
[256   8   4   4];0.0199661;0.025008484619525335
[128   2   2   5];0.160105;0.0031187152478804833
[  1 256  64   1];0.00219393;0.22759245042544873
[ 1  8 16  4];0.0079329;0.06294317396688535
[16 16 16  1];0.00232387;0.2148665393339149
[ 1 16  2  2];0.026535;0.018817482749647816
[32  2 16  2];0.0339561;0.014704925028548765
[8 1 2 5];0.0324862;0.015370277371988868
[  4 128   8   1];0.00184202;0.27107300939289736
[1 1 1 1];0.0616841;0.008094823540619136
[ 2 16 64  4];0.00268102;0.18624325993909213
[2 1 2 3];0.0322719;0.015472342959723624
[64  8  1  3];0.154924;0.0032230119591664607
[  4   8 128   1];0.00682878;0.07312022129310138
[  2 128   4   5];0.040442;0.012346617495719915
[ 8  8 16  5];0.04177;0.011954079596885438
[32  1 32  2];0.0416749;0.011981358197905807
[8 1 8 4];0.032315;0.015451706785143269
[  1  16 512   1];0.00424099;0.11773710967531278
[ 2  8 16  5];0.0371761;0.013431261072622056
[  4   4 256   4];0.00982618;0.05081546488685377
[ 4  4 16  0];0.0325332;0.015348072269617031
[2 8 2 3];0.02689;0.018569055588021747
[16  4  4  3];0.039505;0.012639460948282617
[4 4 2 4];0.00437713;0.11407518277088065
[ 1  4 16  3];0.05196;0.009609736427288391
[ 32 128   1   1];0.00932884;0.053524543754840344
[ 4 32  1  1];0.00208306;0.2397059637081528
[ 1 32  2  4];0.00235009;0.212469269160715
[  2 256   2   4];0.00219917;0.22705016199834702
[8 4 1 3];0.0344188;0.014507243272917846
[ 4 32  8  1];0.00179195;0.27864723053762924
[64 64  1  1];0.00393987;0.1267356295415597
[256   1   4   4];0.164822;0.0030294615085480385
[ 1 16 64  3];0.0659151;0.007575227903195243
[  1  16 256   1];0.00407004;0.12268230896057651
[32  2 16  4];0.030163;0.016554119443089373
[128   1   1   4];0.160031;0.00312015737427064
[ 4 16  8  1];0.00215316;0.23190190453189954
[32  1 16  3];0.0609801;0.008188276253431935
[16  1  8  0];0.0297141;0.016804207590400005
[ 1 64  4  2];0.0315738;0.01581443807086587
[ 4 32  2  0];0.0324721;0.015376951437138492
[  2 256   4   4];0.00324512;0.15386854870140543
[8 1 8 5];0.0335422;0.014886379091469991
[ 32 128   2   4];0.00892282;0.055960100591730504
[4 8 4 5];0.0404181;0.012353918288140827
[256   2   1   3];0.15353;0.003252275807737281
[8 8 2 3];0.033777;0.014782896786627135
[  2  16 256   1];0.003932;0.1269892941917357
[ 8  1 16  4];0.0302119;0.016527325483068088
[ 8  2 32  3];0.030884;0.0161676565458459
[8 4 2 5];0.041362;0.012071996150135504
[128   1   1   1];0.161018;0.0031010315912624975
[  1   4 256   4];0.0155921;0.0320240317059219
[1 8 2 4];0.00799203;0.062477481285969236
[32  8  4  2];0.0387881;0.012873069440418706
[16  8  1  3];0.0473471;0.010545987077601474
[ 2  2 16  4];0.0202079;0.024709242660637905
[1 4 2 3];0.0362501;0.013774359374509442
[ 2  1 64  5];0.040169;0.012430528635562368
[32 32  2  1];0.00371885;0.13426782601124132
[16  4  2  5];0.0479789;0.010407114476611693
[128   1   8   5];0.165308;0.0030205549928733317
[1 1 8 3];0.0627549;0.007956699871434816
[16 64  1  3];0.0476229;0.010484911770637755
[16  1  4  2];0.0276642;0.01804938891281529
[16  2  8  3];0.062604;0.007975878614176486
[1 4 2 4];0.015563;0.032083910863066556
[ 8  2 32  5];0.0420389;0.011877615845369522
[4 1 1 3];0.0255542;0.019539719684509974
[  1   8 128   3];0.0634289;0.007872151413029467
[1 1 8 0];0.0631459;0.007907431911840748
[16  8  4  2];0.032217;0.015498708904053908
[ 1  1 16  5];0.0631061;0.007912419001679787
[ 1 16 16  5];0.0378361;0.013196970743863792
[16  2  4  5];0.047272;0.01056274125829042
[ 4 16 16  4];0.00256014;0.19503695296425383
[2 4 4 3];0.0281601;0.017731538764489643
[ 8 16  8  2];0.03056;0.016339067564198454
[2 1 4 5];0.0403979;0.012360095568381147
[ 2  8 32  2];0.060158;0.00830017461953364
[ 1 16  2  0];0.0272391;0.018331072053111328
[ 2 64 32  1];0.00172901;0.28879064017090983
[  4   2 256   4];0.0192599;0.025925467149980258
[16  8  2  2];0.039232;0.012727413967218208
[64  2  8  1];0.01633;0.030576969060741258
[ 8 64 16  4];0.00183105;0.2726970343583762
[16  8  2  0];0.032949;0.01515438722759127
[1 8 1 1];0.00788403;0.06333333393732707
[ 4 32  1  4];0.00207901;0.24017292113164668
[  2 256  32   4];0.00200987;0.24843492602103856
[2 1 1 1];0.0321841;0.015514552364736152
[ 1  8 32  5];0.0321569;0.015527675390410915
[  4 256   8   1];0.00204897;0.24369410228646823
[ 2 32  4  2];0.028888;0.017284751618731126
[  1   8 128   1];0.00785899;0.06353512407598239
[16  8  8  2];0.0310662;0.016072834938354378
[ 2 32  8  3];0.043601;0.011452074602919768
[16 64 16  1];0.00194311;0.2569704776167612
[4 4 4 3];0.0267019;0.01869986423295364
[256   1   2   1];0.0629621;0.007930515417400386
[ 8 32  1  1];0.0021441;0.23288181743477673
[ 2  8 64  3];0.0334198;0.014940900447097373
[128   4   2   3];0.155703;0.003206886859995663
[64  4  8  4];0.0470319;0.010616664535387784
[8 2 1 0];0.0280452;0.017804184129972502
[128   2   8   1];0.0196509;0.025409620157952298
[128  32   4   1];0.00233603;0.2137480703423778
[16  1  1  5];0.031749;0.01572716950965085
[  1   4 128   2];0.0557399;0.008958069619104175
[16 32  2  2];0.0390351;0.012791613311145731
[ 2  2 32  1];0.0190709;0.02618239856335594
[ 1  1 64  1];0.0621719;0.00803131164982741
[64  2  1  3];0.154763;0.003226364859571763
[64 16  8  1];0.00251794;0.19830572005762837
[16 16  4  2];0.0321202;0.01554541705101166
[  1   1 512   1];0.0627201;0.007961114614962425
[ 2 16  4  4];0.00218701;0.22831258419573058
[32  4  8  2];0.032095;0.015557622831029905
[1 4 4 0];0.0362;0.013793422783478032
[ 8 64  1  1];0.00215316;0.23190190453189954
[ 1 32 16  4];0.00234699;0.21274990722666254
[32  4  2  5];0.060503;0.008252845392160799
[4 1 8 3];0.038455;0.012984576901882844
[1 8 1 5];0.031311;0.015947172072495443
[ 16 128   8   1];0.00175405;0.28466799963621603
[128   1   2   4];0.161828;0.00308550995354268
[64  8  1  0];0.048614;0.01027115449792045
[4 1 2 3];0.038177;0.013079128919556402
[ 8 32 64  4];0.00193906;0.2575071966632826
[4 8 2 4];0.00239778;0.20824341881319586
[ 1 64  1  1];0.00191998;0.26006620108642003
[ 2 32 16  2];0.0318739;0.01566554154847398
[ 1 64  1  2];0.0396302;0.012599530276453432
[ 4 16  2  1];0.00145197;0.3438927145615301
[1 8 4 3];0.028198;0.01770770638917316
[  2 128   2   0];0.032974;0.015142897578756132
[64  2  8  0];0.0316601;0.015771330626305816
[16  4  8  1];0.0074501;0.06702217483817731
[8 2 1 3];0.0279679;0.017853392809681984
[4 4 4 5];0.031167;0.016020852336185862
[  4   1 128   3];0.0380201;0.013133103404828098
[ 1  4 16  4];0.0156021;0.0320035062435124
[ 4  1 64  3];0.0382199;0.013064448226235672
[1 2 4 5];0.040328;0.012381519161919876
[ 1  2 16  4];0.0310109;0.016101496724116513
[ 2  4 32  1];0.0101309;0.04928702334066122
[16 16 16  4];0.00263691;0.18935872091269887
[16  1  1  2];0.032155;0.015528592901940747
[  1   1 256   5];0.06341;0.007874497788391497
[ 8 64  4  1];0.00199795;0.24991711742631434
[2 8 1 4];0.00477695;0.10452734585078444
[16  4  4  2];0.0317152;0.015743930505306755
[16  1 16  3];0.0492909;0.010130103219091248
[128  16   2   4];0.0089972;0.05549747752210741
[64  1 16  0];0.0351291;0.014213911109647122
[16  2  2  5];0.0467298;0.010685299418399068
[  1   2 128   1];0.0309808;0.016117140447048005
[4 8 4 3];0.0290802;0.017170511370688812
[ 8 16 32  1];0.00259185;0.19265077252229285
[16 16 32  1];0.00263;0.18985623755205505
[ 16 128   4   1];0.00237012;0.21067368097898198
[ 8 32 32  1];0.00175881;0.2838975811838145
[  2 128   8   4];0.00191998;0.26006620108642003
[64 32  8  1];0.00187516;0.26628229311733653
[32  8  8  1];0.00418997;0.11917075892235618
[16 32  4  1];0.00182891;0.27301611602643366
[ 2 64 16  4];0.00210714;0.23696664899432632
[128   4   2   5];0.165665;0.003014045844094436
[ 8  8 64  4];0.00450897;0.11073968218060994
[32  8 16  4];0.00832891;0.05995045027043212
[128  16   8   4];0.010278;0.04858162140123611
[ 2 64  1  1];0.00174403;0.28630350668389004
[ 4 64  8  4];0.00196004;0.25475087486066855
[32 16 16  4];0.00663805;0.07522117259766117
[ 4 64  2  4];0.00144506;0.3455371436216522
[  2  32 256   4];0.00271297;0.1840499175301993
[64  8  4  4];0.026191;0.019064636889080402
[256   4   1   1];0.034178;0.014609453588914061
[  8 256   1   1];0.00293493;0.17013077135124338
[64 32  8  4];0.00731707;0.06824068988842594
[32 16  4  4];0.00434303;0.11497086245361067
[16 32  1  3];0.0469999;0.010623892918110566
[8 2 4 4];0.0163341;0.030569293977746232
[  1   2 512   4];0.0314;0.015901971489232638
[32 64  2  4];0.00712585;0.07007190787932734
[ 2  4 32  5];0.0320311;0.015588659295556655
[  1  64 256   1];0.00221205;0.22572812764716202
[  2 128   1   4];0.00205183;0.24335442252131256
[ 16 256   4   1];0.00298786;0.16711690131462142
[16 16 32  4];0.00323105;0.15453858800139422
[4 1 2 4];0.0213759;0.023359105570380886
[  2 128   4   1];0.0013659;0.3655625629708652
[128  16   2   1];0.00374484;0.1333359782425697
[  1 256   2   2];0.0324309;0.015396486214132348
[ 64 128   2   1];0.00216413;0.23072639109568502
[16 32  8  4];0.00259113;0.1927043045937119
[4 4 2 2];0.0264449;0.018881595497124388
[64 16  1  4];0.0100081;0.04989177813590039
[ 2 32 64  1];0.00237608;0.21014524122163597
[ 4 16 16  1];0.002285;0.21852162134000208
[64 16  1  0];0.0438108;0.011397233211032549
[256   2   4   1];0.0243971;0.020466444977554905
[128   8   8   1];0.0048368;0.103233936644456
[ 4 64  2  0];0.032953;0.01515254771225396
[ 8 64  2  0];0.0341041;0.01464111073923384
[32  4  8  1];0.0140121;0.035635051474219054
[  2   1 128   2];0.0563791;0.008856507194366436
[ 16 128   2   1];0.00318408;0.15681826611200245
[ 1  8 64  3];0.0474699;0.010518705637928555
[16 16  4  5];0.0470619;0.010609896854183634
[128   4   8   1];0.00904298;0.05521652207147475
[ 8 64  1  3];0.041086;0.012153091193153503
[32  8  2  1];0.00644493;0.0774751478700164
[32  8  2  5];0.0616269;0.008102336881490141
[32  8  2  0];0.0336549;0.014836529146183906
[16  4 32  4];0.0113981;0.04380746832909913
[32  8  1  4];0.00782299;0.06382750134691528
[32  2  8  5];0.061157;0.008164591212157313
[  2 256   1   3];0.040534;0.012318594384020939
[16 32  2  0];0.0335841;0.014867806633552924
[ 16 128   1   1];0.00478005;0.10445955685859035
[64  4  4  1];0.0102549;0.048691055472203995
[ 4 16  4  3];0.028965;0.017238802166818737
[64  4  4  2];0.0400379;0.012471231127554262
[ 8 16  8  0];0.0306802;0.016275053772853657
[ 1  2 64  1];0.031018;0.016097811102002216
[  8 256   2   4];0.00460386;0.1084572304027283
[  2 128   2   5];0.0405161;0.012324036735073336
[  1 128  32   1];0.00229096;0.21795313089792262
[  8 128   1   4];0.00388813;0.12842212188427465
[ 4 16  2  4];0.00134993;0.3698872569406597
[  8  16 128   1];0.0036931;0.1352040033472976
[ 8  2 16  0];0.0521619;0.009572540585406299
[ 1 32 16  1];0.00233388;0.21394497778887722
[ 8 32  2  5];0.0627868;0.007952657322270042
[32  1 16  0];0.034102;0.014642012338335135
[  1 256   2   5];0.0404129;0.012355507888864812
[  4 128   2   0];0.034164;0.014615440368865027
[16  2 16  0];0.032197;0.015508336328288496
[ 8 16  2  0];0.032491;0.015368006671444548
[16  8  4  5];0.0475712;0.010496306688961067
[ 2 32 16  0];0.0320771;0.015566304459003614
[64  2  2  4];0.0954061;0.005233647583979481
[  2   4 128   1];0.0136011;0.03671187659541543
[16  8  8  0];0.032043;0.01558287004219033
[8 8 1 5];0.0403199;0.012384006526849144
[1 1 1 4];0.0617352;0.008088123222438817
[1 1 8 5];0.0630999;0.00791319645137163
[ 1  1 16  0];0.0630879;0.007914701626808069
[  1   1 512   3];0.0628321;0.007946923702405375
[1 2 8 5];0.0402329;0.012410785818618712
[  1   2 512   2];0.0630209;0.007923116057719023
[1 4 1 0];0.0278361;0.017937926101785264
[1 4 1 1];0.0155561;0.03209814187115696
[1 4 4 1];0.0155709;0.03206763287683466
[1 4 4 5];0.038156;0.013086327307943828
[ 1  4 16  5];0.0383091;0.013034028592733966
[  1   4 256   1];0.0155621;0.032085766365844245
[1 8 8 1];0.00783396;0.06373812283467171
[ 1  8 32  0];0.0597169;0.008361484014774791
[ 1 32  1  0];0.0345709;0.014443416421380547
[ 1 32  1  5];0.034452;0.014493263228895412
[ 1 32  4  3];0.0290651;0.017179431853387904
[ 1 32  8  0];0.0280218;0.01781905176547919
[ 1 64  1  5];0.0393898;0.012676426505387303
[ 1 64  8  5];0.0404799;0.012335057763529672
[  1 128   4   5];0.0403991;0.012359728428650756
[  1 128   8   3];0.028332;0.01762395541302784
[2 1 1 4];0.0321991;0.015507324886779592
[2 1 8 3];0.040478;0.012335636759768388
[2 2 1 0];0.0227511;0.021947154412837393
[2 2 4 3];0.0361159;0.013825542344560285
[ 2  2 64  2];0.0476279;0.010483811059524034
[  2   2 256   1];0.029871;0.016715942042847737
[2 4 2 0];0.0310891;0.016060995807595096
[2 4 2 4];0.00813007;0.06141667965489901
[ 2  4 32  4];0.010211;0.04890039220075456
[2 8 2 5];0.0304761;0.0163840486401444
[2 8 8 0];0.0402181;0.012415352907320454
[ 2  8 16  0];0.0323081;0.015455006786592364
[ 2 16  4  0];0.029254;0.017068500196961264
[ 2 16  4  2];0.0387189;0.012896076716071602
[ 2 16 32  5];0.040029;0.012474003966172143
[4 1 4 4];0.038214;0.01306646529444457
[4 2 1 4];0.012325;0.04051293344924177
[4 2 4 2];0.027545;0.01812749699625721
[ 4  2 32  3];0.031574;0.01581433789706419
[ 4  4 32  5];0.0343091;0.014553628767933428
[4 8 4 1];0.00473905;0.10536329111570986
[ 4  8 16  0];0.0318849;0.015660137079366872
[ 4  8 32  3];0.0302801;0.01649010091650638
[ 4 32  8  2];0.030422;0.016413184694034078
[8 1 1 3];0.0309439;0.016136359824130274
[8 1 4 4];0.0323961;0.015413025171607225
[ 8  1 64  5];0.0338621;0.014745745383833395
[8 2 1 2];0.0279911;0.01783859529500108
[8 2 2 4];0.016345;0.030548908214249302
[8 2 4 2];0.0270751;0.01844210749958097
[8 2 8 4];0.0162668;0.030695767130714383
[ 8  2 16  5];0.0403411;0.012377498500583891
[8 4 2 4];0.00832295;0.05999338032331141
[8 4 4 0];0.029382;0.01699414283445323
[ 8 16  4  2];0.0306311;0.016301141805612752
[16  1 16  2];0.0330899;0.01508985837859603
[16  1 64  2];0.0472229;0.010573723866215433
[16  1 64  5];0.049268;0.010134811739098498
[16  2  8  2];0.028878;0.017290737058033964
[16  2 32  3];0.0456529;0.01093735348163873
[16  4  1  2];0.04564;0.010940444889612287
[16  4 16  0];0.032095;0.015557622831029905
[16  4 16  5];0.048012;0.010399939697615278
[32  1  1  3];0.0613739;0.008135736929898617
[32  1  2  3];0.0607591;0.008218059595384145
[32  2  8  1];0.028311;0.01763702817851382
[32  4  2  1];0.0104511;0.0477769713008109
[64  1  1  4];0.160708;0.003107013370597013
[64  1  4  2];0.039819;0.0125397901695649
[64  1 16  2];0.0349989;0.014266788520836505
[64  4  2  5];0.154811;0.0032253645074439463
[64  4 16  1];0.00831223;0.06007075174314291
[128   1   2   3];0.160336;0.0031142220384810944
[128   2   1   0];0.064642;0.00772441918198547
[256   1   2   4];0.108779;0.0045902417264536794
[256   1   4   2];0.0519161;0.009617862373365964
[256   2   2   2];0.0632012;0.007900513040288867
[256   4   1   3];0.156076;0.003199222845036423
